Created At,Tweet Id,Tweet,Length,Prediction
2020-08-02 23:58:11,1290074449643859969,#MailInVotingFraud #VoterFraud #VoteByMail #2020Election https://t.co/yIE6TslNzy,80,Biden
2020-08-02 23:56:28,1290074015424376832,#TrumpHasNoPlan #2020Election #VoteBlueToSaveAmerica #DumpTrump #JoeBiden https://t.co/p82GzpZSGM,97,Biden
2020-08-02 23:56:05,1290073921539121152,"RT @ginachristo: I am SO proud of @wilnelia_rivera for laying it down on @MSNBC tonight. üëèüèºüëèüèºüëèüèºüëèüèºüëèüèºüëèüèºüëèüèºüëèüèºüëèüèºüëèüèºüëèüèºüëèüèº

Her point is clear - it‚Äô‚Ä¶",140,Biden
2020-08-02 23:55:44,1290073830732394498,RT @RadajJoei: #Biden #JoeBiden #JoeBiden2020 #joebidenpedo #pedogate2020 #pedophelia #2020Election https://t.co/7K69SRibNL,123,Biden
2020-08-02 23:55:13,1290073702248267776,"RT @NicholsUprising: Vice President Pence says the #2020Election offers voters a choice between Trump‚Äôs economy and socialism.

At a point‚Ä¶",139,Biden
2020-08-02 23:55:07,1290073677174730753,"What if there is no grand Master plan &amp; the fate of our nation &amp; #constitution is in the hands of #WeThePeople?

Wa‚Ä¶ https://t.co/sLqkCsfbSb",148,Biden
2020-08-02 23:55:00,1290073647231582208,"RT @Varneyco: STU: ""Are you ready for the extraordinary turmoil that a Joe #Biden win would bring on?"" #Democrats #2020Election #VarneyCo h‚Ä¶",140,Biden
2020-08-02 23:52:03,1290072904097357824,Moms https://t.co/5gxEiFcaqx via @YouTube #MAGA #GOP #realDonaldTrump #Trump #AllLivesMatters #BlackLivesMatter‚Ä¶ https://t.co/bVz2H0ez3I,136,Trump
2020-08-02 23:51:44,1290072822832705537,Trump fears this election because he knows that democrats and some Republicans won't let him be elected again and s‚Ä¶ https://t.co/Z2EkHa2v3P,140,Biden
2020-08-02 23:48:25,1290071989932056576,"https://t.co/aPdETh8eyM
#AHRC #AHRCUSA  #August4 #2020election #Michigan",72,Biden
2020-08-02 23:48:06,1290071910575820800,"RT @OliveTreeMin: More Frightening Than #COVID19: Stolen #2020Election Through Mail In Votes  #VoterIDNow #American 
https://t.co/W96x9Ujhk‚Ä¶",140,Biden
2020-08-02 23:47:48,1290071837058068480,"Biden HATES His #Voters: https://t.co/aHFwIgb9Lv via @United Patriot News 
#Biden #JoeBiden #Tcot #Ccot #Teaparty‚Ä¶ https://t.co/Tp89fVHViA",138,Trump
2020-08-02 23:47:34,1290071774776852482,"Nero danced while Rome burned.üî•Donald golfs while America dies. ‚ò†Ô∏è

Empires fall a lot faster than they‚Äôre built.‚Ä¶ https://t.co/DvMhcLYMsQ",138,Biden
2020-08-02 23:45:38,1290071290728943617,"RT @SCVIndy: @lunaticopresid1 We have to @TheDemocrats of all ages to vote !

#SundayThoughts #2020Election #FAM46 https://t.co/RDMWrjLKyt",138,Biden
2020-08-02 23:44:38,1290071037883817984,RT @pwrfulwomantoo: @KarenBassTweets Take ur condescending remarks &amp; ask urself why Biden &amp; Ovomit didnt stockpile N95 masks when they depl‚Ä¶,148,Biden
2020-08-02 23:44:21,1290070966765142016,RT @OCDrises: Yeah. Because @realDonaldTrump will make @JoeBiden look like the laughing stock that he is. It‚Äôs just pathetic at this point.‚Ä¶,140,Trump
2020-08-02 23:44:04,1290070895403253760,"RT @Varneyco: ""If you can stand in line, Stuart, six feet apart with a mask on at the grocery store, Target, Home Depot, why can't you do i‚Ä¶",140,Trump
2020-08-02 23:42:42,1290070553374494721,"WHEN YOU RECEIVE YOUR BALLOT, COMPLETE ASAP &amp; DROP IN DROP BOX @ELECTION'S OFFICE! 
TRUMP'S GOT RNC GUY AA US POSTM‚Ä¶ https://t.co/cxqsdBPbhs",144,Biden
2020-08-02 23:39:56,1290069857300447237,#Election2020 #vote2020 #2020Election #POTUS #politics #MAGA #Trump #voteblue #biden2020 @realDonaldTrump https://t.co/xva6h1r6cr,129,Biden
2020-08-02 23:38:08,1290069400746446848,#2020Election https://t.co/USMUvVM9uM,37,Biden
2020-08-02 23:38:01,1290069372740894722,"We all know that means they'll be attempting to do both.
#2020election  #JoeBiden2020
https://t.co/5vtMXJ0DVQ",109,Biden
2020-08-02 23:37:14,1290069175960915968,"My #VoteByMail experience. 

A thread. 

#VoterRights #Vote2020 #VoterFraud #2020Election #Election2020 #vote #MailInBallots",124,Biden
2020-08-02 23:36:20,1290068950512889857,@EssexKIRO7 @RobMunoz88 @kcelections There had never been an issue until Trump. What they are actually saying is: T‚Ä¶ https://t.co/Z6nY6uNa2c,140,Trump
2020-08-02 23:35:56,1290068847978934272,RT @TrentStevensyn: Which party will you be voting for in 2020? #2020Election #election,87,Biden
2020-08-02 23:35:00,1290068613848686592,"#TrumpHasNoPlan #Trump #2020ElectionCanceled #2020Election 
https://t.co/TUF8236tdE",83,Biden
2020-08-02 23:34:04,1290068378896306176,üòÇüòÇüòÇüòÇüòÇüòÇüòÇüòÇ #Trump2020Landslide #hidenbiden #2020Election  #Trump #BillClintonIsAPedo https://t.co/DCKlQUHlJz,106,Trump
2020-08-02 23:29:57,1290067343083573248,RT @Durham4Riley_6: Got questions about voting? No worries! I got you. Fill out this survey and I'll get back to you before the election wi‚Ä¶,140,Trump
2020-08-02 23:29:42,1290067281066602501,"@realDonaldTrump Yes, looking to vote you out of office. That should go a long way toward that goal. #WeWillVote #2020Election",126,Trump
2020-08-02 23:29:13,1290067159142395905,"You know who votes in droves?   American Moms!  üá∫üá∏
#2020Election #MomsWillVote https://t.co/z7ichTnDI7",102,Biden
2020-08-02 23:26:32,1290066484866060288,me and many others are willing to take that chance if it means getting a man out of office who has. Put this countr‚Ä¶ https://t.co/UvZ2rvBdq4,140,Biden
2020-08-02 23:25:48,1290066297506545665,"RT @ImABasith: ‡Æ§‡Æô‡Øç‡Æï‡Æö‡Øç‡Æö‡ØÅ‡Æ∞‡Æô‡Øç‡Æï‡Æ§‡Øç‡Æ§‡ØÅ‡Æï‡Øç‡Æï‡Ææ‡Æ© ‡Æ™‡Øã‡Æ∞‡Ææ‡Æü‡Øç‡Æü‡ÆÆ‡Øç ‡Æá‡Æ§‡ØÅ..

#ElectionDay 
#2020Election 
#LKAElections2020 
#lka 
#Parliament 
#Vote",126,Biden
2020-08-02 23:23:43,1290065776271998976,#Biden #2020Election #dnc #aoc #nancypelosi #cnn #msnbc #wapo #NYT https://t.co/oc1xymQr5d,90,Trump
2020-08-02 23:22:28,1290065459820208128,RT @JavManjarres: @club4growth  ad his Scott Franklin for supporting Democrat Alex Sink via @Floridianpress https://t.co/0EbCez8J32  #Flpol‚Ä¶,140,Biden
2020-08-02 23:20:30,1290064965949251584,@RepMattGaetz I made a slight change to your post Matt:                                     Republicans may be the‚Ä¶ https://t.co/R6aqzTUFl1,139,Biden
2020-08-02 23:16:08,1290063865854619649,"RT @alanpringle: Absentee ballot request: SENT.

#2020Election https://t.co/ktpOsaxtvI",86,Biden
2020-08-02 23:13:29,1290063200730230786,RT @chicagostreetn1: Trump or Nah?. #trump #BREAKING #news #VoteBlueToEndThisNightmare #VoteRed #2020Election #spotnews #AllLivesMatter htt‚Ä¶,140,Trump
2020-08-02 23:13:10,1290063118882631680,"""These discoveries are not only super cool but also have a lot of potential in helping us...learn better ways to co‚Ä¶ https://t.co/vOB1Uh8wpc",140,Biden
2020-08-02 23:12:03,1290062839252545537,"* Please * Don't Let Trump's Antics Distract You.
The * #2020Election * Is What's Important! 

States are scramblin‚Ä¶ https://t.co/uqHvLXGL9O",140,Biden
2020-08-02 23:09:54,1290062296115343366,Yeah. Because @realDonaldTrump will make @JoeBiden look like the laughing stock that he is. It‚Äôs just pathetic at t‚Ä¶ https://t.co/w0l1EHbh0O,140,Trump
2020-08-02 23:09:33,1290062210186838016,"Absentee ballot request: SENT.

#2020Election https://t.co/ktpOsaxtvI",69,Biden
2020-08-02 23:06:40,1290061482474889217,"@OGBronxChick @kushibo Facts! 

We are no longer the @TheDemocrats mules. 

If they want our vote in the‚Ä¶ https://t.co/wxT49OEAD7",129,Trump
2020-08-02 23:05:45,1290061252383801345,"RT @Betfair_Aus: ""With a double-digit lead in national polls and a consistent lead in swing states, there‚Äôs no need to make a choice that c‚Ä¶",140,Biden
2020-08-02 23:02:01,1290060312243142657,Why the Lesser Evil? #Unity2020 https://t.co/h2NcfvkOvc via @YouTube #Unity2020 #2020Election @ArticlesOfUnity,110,Trump
2020-08-02 22:59:59,1290059800626081792,"realDonaldTrump gained 14,908 Twitter followers in the last 6 hours, for a 0.0176% increase, with a current count o‚Ä¶ https://t.co/Yci1dknyXH",140,Trump
2020-08-02 22:59:59,1290059800252825600,"JoeBiden gained 14,470 Twitter followers in the last 6 hours, for a 0.1894% increase, with a current count of 7,639‚Ä¶ https://t.co/NjB4gSxUvf",140,Trump
2020-08-02 22:58:39,1290059464188375041,"NC Republican registration for the week of 7/25-8/1:
#2020Election #Election2020 https://t.co/o030w5u0Vm",104,Biden
2020-08-02 22:58:28,1290059419481288704,"92 days 6 hours 5 minutes until the November election.
VOTE VOTE VOTE
VOTE VOTE VOTE
VOTE VOTE VOTE 
VOTE VOTE VOTE‚Ä¶ https://t.co/nrXSFmeOPI",140,Biden
2020-08-02 22:58:25,1290059409167544320,Exclusive‚Äì Tom Cotton Presses Google CEO over Election Interference https://t.co/CfL54glvhf #2020election,105,Biden
2020-08-02 22:58:03,1290059316209344513,"NC Democrat registration for the week of 7/25-8/1:
#2020Election #Election2020 https://t.co/JwzcxIDfsm",102,Biden
2020-08-02 22:57:34,1290059191348994048,"@lyncofta Check out this article from @USATODAY

President Trump goes to 'extraordinary lengths' to hide details of‚Ä¶ https://t.co/71EcnnpXOF",140,Trump
2020-08-02 22:55:16,1290058613575229443,RT @NRDC_AF: Voters ‚ù§Ô∏è clean energy and these vulnerable senators know it. #2020Election https://t.co/ee6YBeeD3F,112,Biden
2020-08-02 22:52:45,1290057981657112576,"Rep Tom McClintock of CA-04 is backing Trump/Barr  conspiracies hoping to throw the election! 
#McClintockMustGo‚Ä¶ https://t.co/xriLnQGvkV",137,Trump
2020-08-02 22:52:02,1290057799569825792,"RT @SCVIndy: @LKnudsen09 @k_ovfefe2 @Two4Two4 @Alyssa_Milano For context imagine how trump #investors felt about lying

https://t.co/nzj32w‚Ä¶",140,Trump
2020-08-02 22:50:32,1290057421486878720,"It‚Äôs TIME that ALL Americans stand together and #protest against this Hoax of a virus ü¶†! #2020Election 

https://t.co/0YIQ0m8hxU",128,Trump
2020-08-02 22:48:58,1290057028350558210,"@lunaticopresid1 We have to @TheDemocrats of all ages to vote !

#SundayThoughts #2020Election #FAM46 https://t.co/RDMWrjLKyt",125,Biden
2020-08-02 22:48:48,1290056987913228288,RT @hooligan4747: #MAGA #Trump #2020Election cmon fellow republicans let‚Äôs show these liberals üò° https://t.co/ySuqyKuzDG,120,Trump
2020-08-02 22:48:32,1290056918854012928,RT @aaldef: .‚Å¶@vanitaguptaCR‚Å© tells ‚Å¶@johndickerson‚Å© @FaceTheNation that voters of color have their ballots rejected at a higher rate. She‚Ä¶,139,Trump
2020-08-02 22:48:08,1290056820275306497,"RT @SCVIndy: @JamesrossrJames For context #russian involvement US elections

Check out this article from @USATODAY

President Trump goes to‚Ä¶",140,Trump
2020-08-02 22:43:53,1290055749758939136,Trump revoked #pollution rules allowing #coal companies to dump waste into waterways your kids drink from (‚Ä¶ https://t.co/kJf6ly3wqv,132,Biden
2020-08-02 22:43:53,1290055749377257472,@RexChapman Go Trump! #2020Election,35,Biden
2020-08-02 22:42:00,1290055277547368448,Voters ‚ù§Ô∏è clean energy and these vulnerable senators know it. #2020Election https://t.co/ee6YBeeD3F,99,Biden
2020-08-02 22:41:48,1290055224594272257,"@splcenter #AC,U
CHANGES IN #USPS EQUALS #ELECTION TAMPERING
TIME TO TAKE IT TO #SCOTUS
#2020Election #vote‚Ä¶ https://t.co/y3lrh4Qlws",132,Biden
2020-08-02 22:40:50,1290054981295333378,Exclusive‚Äì Tom Cotton Presses Google CEO over Election Interference https://t.co/pIoqR3XCsw #2020election,105,Biden
2020-08-02 22:35:45,1290053704444452864,"RT @AvaGrace1995: Friday night in my city ‚ù§Ô∏èüá∫üá∏‚ù§Ô∏èüá∫üá∏‚ù§Ô∏èüá∫üá∏ 

#Trump2020 #4moreyears #defendpolice #2020Election #PoliceLivesMatter #BackTheBlue‚Ä¶",140,Trump
2020-08-02 22:34:31,1290053391112998913,RT @RepKinzinger: Reminder: Election dates are set by Congress. And I will oppose any attempts to delay the #2020Election.,122,Biden
2020-08-02 22:33:07,1290053039890395139,"RT @DuckPundit: @ProjectLincoln üíåü¶Ü This ü¶Ü always votes by mail. Sealing the envelope can be a bit tricky, however. #2020Election #VoteByMai‚Ä¶",140,Biden
2020-08-02 22:30:43,1290052434950107136,RT @JavManjarres: @RepDMP 's 100% voting with Pelosi record could be a problem for her re-election chances against @MayorGimenez  https://t‚Ä¶,140,Biden
2020-08-02 22:30:15,1290052320605040646,"@ProjectLincoln üíåü¶Ü This ü¶Ü always votes by mail. Sealing the envelope can be a bit tricky, however. #2020Election‚Ä¶ https://t.co/jAHuF2vPF3",137,Biden
2020-08-02 22:30:00,1290052255245369344,"This is why we won't know who wins the presidency on the night of the #2020Election 

There will b so many‚Ä¶ https://t.co/5AFiPQbgyc",131,Trump
2020-08-02 22:26:48,1290051452287635457,"There is a phrase ‚Äúif voting made any difference, they wouldn‚Äôt let us do it‚Äù, that is often falsely attributed to‚Ä¶ https://t.co/kud22v8Twh",139,Biden
2020-08-02 22:25:05,1290051020161130496,@ReallyAmerican1 Shady that he wants things done electronically. Mail voting does not lie! #Election2020‚Ä¶ https://t.co/1LRZ6KKY7k,129,Biden
2020-08-02 22:24:42,1290050924195401728,"RT @RodneyDavis: There will be no delay in the #2020Election. Congress sets the election date, and it should not be changed. It will be hel‚Ä¶",140,Biden
2020-08-02 22:23:51,1290050709702848512,Terrifying indeed. #2020election #AmericanOligarchy https://t.co/7M52cYeJLT,75,Biden
2020-08-02 22:21:46,1290050184995573766,What Is #ClimateJustice? #ClimateChangeImpacts #CommunitiesofColor #IndigenousPeople #PoorPeople #DisabledPeople‚Ä¶ https://t.co/dLt14GEekS,137,Trump
2020-08-02 22:21:39,1290050155140415488,"If the election were held today, based on Nate Silver's analysis of state polling averages, Trump would lose decisi‚Ä¶ https://t.co/Pffcza6FbW",140,Trump
2020-08-02 22:20:40,1290049907122827264,This has got to stop! No more.  #2020election #americanhistory https://t.co/WpLZAQP3g4,86,Trump
2020-08-02 22:19:25,1290049592008953856,#Biden #JoeBiden #JoeBiden2020 #joebidenpedo #pedogate2020 #pedophelia #2020Election https://t.co/7K69SRibNL,108,Biden
2020-08-02 22:15:16,1290048547245690881,"Wow #BigPharma could've solved #COVID19 well until the next #2020Election 
https://t.co/b6S0V3TzOm",98,Biden
2020-08-02 22:10:52,1290047439601192962,Check out this 2020 election forecast via @270toWin https://t.co/mbz0aVoR1i #2020election,89,Trump
2020-08-02 22:10:39,1290047387499556866,Exclusive ‚Äì Election Interference: McCarthy Warns Google Abusing ‚ÄòTremendous Amount of Power‚Äô‚Ä¶ https://t.co/uxUWOpGL4J,118,Trump
2020-08-02 22:10:02,1290047232658423808,Donald Trump Seeks To Postpone 2020 Presidential Election #TheSource #DonaldTrump #PostponeElection #2020Election https://t.co/jU3okoAVFe,137,Biden
2020-08-02 22:09:08,1290047003842363392,RT @oinkoint22: My bizarre coping skill is running (slowly). I have run the üí© out of this COVID/2020/tRUmp nightmare. Sometimes I want to k‚Ä¶,140,Biden
2020-08-02 22:07:29,1290046589822627840,Clinton's Nomination Within Weeks as Dan Bongino Reports Democrats Must ... https://t.co/mhDe10cNXH via @YouTube‚Ä¶ https://t.co/ENndnTvPaA,137,Trump
2020-08-02 22:03:09,1290045497332207616,"We should have known 
#2020Election 
üî¥ trump ü§Æ
üîµ biden ü§Æ https://t.co/DV0NVmS40U",80,Biden
2020-08-02 22:02:33,1290045346106621952,Excellent overview of @SenDuckworth under consideration for @JoeBiden veep spot (though it's unlikely she'll be the‚Ä¶ https://t.co/ks5kdlXoyE,140,Biden
2020-08-02 22:02:02,1290045216079060993,"@Two4Two4 @k_ovfefe2 @LKnudsen09 @Alyssa_Milano Suggest as well

https://t.co/5dvAKMZR12

#SundayThoughts #2020Election",119,Biden
2020-08-02 21:59:58,1290044699412234240,"@realDonaldTrump gained 44,553 Twitter followers in the last day, for a 0.0527% increase, with a current count of 8‚Ä¶ https://t.co/p2JvijPkLE",140,Trump
2020-08-02 21:59:58,1290044698887774208,"@JoeBiden gained 47,062 Twitter followers in the last day, for a 0.6162% increase, with a current count of 7,637,10‚Ä¶ https://t.co/YvhlHdS8Z4",140,Trump
2020-08-02 21:58:54,1290044431312097281,Is anyone asking @JoeBiden if he will accept defeat in the election? #JoeBiden #2020Election,92,Trump
2020-08-02 21:57:25,1290044054663651328,"RT @NCSCgov: The 2020 election is less than 100 days away. Foreign influence efforts target you, the American voter. Protect your voice. Ou‚Ä¶",140,Biden
2020-08-02 21:57:11,1290043998417981440,Mark this tweet for when #Trump wins the #2020Election üò† https://t.co/4B8uQxPypr,80,Biden
2020-08-02 21:56:49,1290043906600529920,@pamarama @LeeNME12 And if #TrumpIsAFascist steals the #2020Election then all the crazy #WhiteSupremacist will feel‚Ä¶ https://t.co/WLsGhQN3nP,140,Biden
2020-08-02 21:56:45,1290043889810718721,"RT @pollsofpolitics: Will @realDonaldTrump be Re-elected for a second term as #POTUS in the #2020Election??

Please vote &amp; retweet to sprea‚Ä¶",144,Biden
2020-08-02 21:52:12,1290042744392450048,Medicare for All is literally @DebDingell's bill in the House. Not sure what the argument here is from her primary‚Ä¶ https://t.co/ySTv0Ic7VG,139,Trump
2020-08-02 21:51:54,1290042666403553285,RT @saylahachey: Vote blue! @JoeBiden #2020Election https://t.co/nJp7Hs36eH,75,Biden
2020-08-02 21:51:47,1290042640440815616,"Vice President Pence says the #2020Election offers voters a choice between Trump‚Äôs economy and socialism.

At a poi‚Ä¶ https://t.co/iFruPr3Qn3",140,Biden
2020-08-02 21:51:43,1290042622543687681,Outrageous what they get away with! Can‚Äôt imagine a scenario where the DNC could get away with this. Neither can I‚Ä¶ https://t.co/9sdeMm1gV7,139,Trump
2020-08-02 21:51:06,1290042464573640706,"RT @ywcautah: Civic engagement is, and always has been, central to racial justice work. On August 6, join @YWCAUSA for a virtual town hall‚Ä¶",139,Biden
2020-08-02 21:48:28,1290041802771193856,"RT @CHANGEIL: Did you know that if you are registering to vote in IL, you also can opt-in to apply for a mail-in ballot so you can vote saf‚Ä¶",140,Biden
2020-08-02 21:46:19,1290041261957591040,Evictions as another voter suppression move by GOP? #2020Election #CountryOverParty #WeWillVote,95,Biden
2020-08-02 21:46:11,1290041227161645056,"@JoeBiden this is a deal breaker. Granted she‚Äôs not a Scientologist, but this group is essentially a mob-like organ‚Ä¶ https://t.co/tNKD2qg0vQ",140,Biden
2020-08-02 21:45:38,1290041092365139968,RT @KansasSOS: Are you looking for resources on Kansas elections? We have you covered! Visit our website for publications: https://t.co/0D4‚Ä¶,140,Trump
2020-08-02 21:44:13,1290040733362089985,RT @enerjoyce: This is part of Republican voter suppression plan.  Right up there with destruction of Radio Free Europe in urgent problems‚Ä¶,139,Biden
2020-08-02 21:44:01,1290040685249273857,Vote blue! @JoeBiden #2020Election https://t.co/nJp7Hs36eH,58,Biden
2020-08-02 21:43:41,1290040601157595136,"-Contrast between US &amp; Australia response is STUNNING!

-Their JobKeeper Program pays employes ~$3250 per month‚Äîsin‚Ä¶ https://t.co/3RK2Pcavc5",144,Biden
2020-08-02 21:41:56,1290040159279255552,If Sleepy Joe wins the election will we see another 5% drop in the stock market? Here is a chart of S&amp;P after a pre‚Ä¶ https://t.co/iQ6dI8mt1f,144,Biden
2020-08-02 21:39:47,1290039619136806912,@StompTheGOP Actually.... it was rather nice that for a brief moment in time we could watch history being made and‚Ä¶ https://t.co/ISHkYfc9XF,139,Trump
2020-08-02 21:38:54,1290039397937639425,"The truth does not exist in Trump's world
https://t.co/QGTZ6oY5PO
#2020Election #Trump #Biden #Incompetence‚Ä¶ https://t.co/SrIbbku4Ut",132,Biden
2020-08-02 21:37:30,1290039044202565632,"#vote #VoteForOurLives #2020Election 

Have loved voting by mail since moving to Seattle. So happy to hear how many‚Ä¶ https://t.co/cZBcSey6FV",140,Biden
2020-08-02 21:34:49,1290038366587596800,".@GOPLeader 

You‚Äôre gonna need a better campaign strategy than this, my dude

The lies no longer work

No one is f‚Ä¶ https://t.co/LlmTXmJzUv",140,Biden
2020-08-02 21:34:14,1290038222433554432,@justcallmepatti ‚ù§Ô∏è‚ù§Ô∏èüòÑüá∫üá∏üá∫üá∏üá∫üá∏üí™#4MoreYears #2020Election,54,Biden
2020-08-02 21:33:44,1290038094020915201,"@JohnKiley14 @SusieLeeNV #NEW: Nevada Senate votes on party lines &amp; passes #AB4, which expands mail-in voting durin‚Ä¶ https://t.co/yOTzDWUicL",144,Biden
2020-08-02 21:33:14,1290037969793908736,"We‚Äôre #1!
We‚Äôre #1!

You were right Trump: We‚Äôre all really  sick and tired of ‚Äúwinning.‚Äù

#VoteBlue‚Ä¶ https://t.co/p6db978i95",125,Biden
2020-08-02 21:33:08,1290037943361351680,"RT @orko_manna: #NEW: Nevada Senate votes on party lines &amp; passes #AB4, which expands mail-in voting during ‚Äúelections adversely affected b‚Ä¶",144,Biden
2020-08-02 21:31:42,1290037585473974274,@KarenBassTweets Take ur condescending remarks &amp; ask urself why Biden &amp; Ovomit didnt stockpile N95 masks when they‚Ä¶ https://t.co/hY2Mm3yEGQ,147,Biden
2020-08-02 21:30:54,1290037382423535616,If @Democrats win in November it will be proof positive the average American IQ has dropped into the 2 digit range. #2020Election,129,Biden
2020-08-02 21:30:49,1290037361284325376,Please share on all your social media after registering for your absentee ballot so you can vote EARLY by mail in l‚Ä¶ https://t.co/CWxuXyTdXE,140,Biden
2020-08-02 21:30:06,1290037182074195968,My bizarre coping skill is running (slowly). I have run the üí© out of this COVID/2020/tRUmp nightmare. Sometimes I w‚Ä¶ https://t.co/j1qx575Hj5,140,Biden
2020-08-02 21:29:40,1290037073588568064,"RT @jerrylanson: Um, are we supposed to be excited that this administration won't overtly try to subvert the #Constitution? I'm not. #2020E‚Ä¶",140,Trump
2020-08-02 21:27:35,1290036546595254272,"The headline is misleading. It should say ""lack the information they need...""  Interesting article though‚Ä¶ https://t.co/dl1jOIHvVY",130,Trump
2020-08-02 21:27:19,1290036482166595584,I trust @GovSisolak will sign #AB4 and help protect safe and secure access to the franchise in Nevada.‚Ä¶ https://t.co/8YuK0c4215,127,Biden
2020-08-02 21:27:15,1290036463287930881,"RT @TheTamarDick: #COVID19 has the potential to significantly disrupt November's election.üó≥Ô∏è

All 50 states should include a #VoteByMail op‚Ä¶",140,Biden
2020-08-02 21:23:47,1290035592399446016,RT @GeorgetownLaw: #GeorgetownLaw professor @brooks_rosa gathered a bipartisan group of experts to game out what a contested #2020election‚Ä¶,139,Biden
2020-08-02 21:23:40,1290035563047747584,RT @CTrevorNelson: #VoteByMail could be the key to voting safely in the #2020Election but politicians are spreading misinformation about it‚Ä¶,140,Biden
2020-08-02 21:22:36,1290035293546930176,RT @ResistancePrays: Who had this #Trump tweet on their lousy-things-of-2020 #bingo card? https://t.co/C6gLPbUf78 #Election #2020Election #‚Ä¶,140,Biden
2020-08-02 21:22:24,1290035243181731840,I can‚Äôt wait for the day the military drags #trump out of the White House because he refuses to leave.‚Ä¶ https://t.co/TedUbhW2SR,127,Biden
2020-08-02 21:21:23,1290034989107683328,Are people going to have to start #volunteering at the #PostOffice @USPS to ensure #MailInVoting #MailInBallots are‚Ä¶ https://t.co/TX2kgeG3Ri,140,Biden
2020-08-02 21:21:07,1290034921063366656,"If #Trump wins the #2020Election it will be bc of this

His lackey in charge of the #PostOffice is slowing down the‚Ä¶ https://t.co/s7xH7kgEjt",140,Biden
2020-08-02 21:21:02,1290034899441684481,93 days left to Election Day. Please register to vote or check if you are registered to vote. Don‚Äôt let others deci‚Ä¶ https://t.co/l8CZ5pMEU7,140,Biden
2020-08-02 21:20:25,1290034744105680896,"@joncoopertweets If the #press is banned from the #GOP #CONVENTION
Then they don‚Äôt have to invite @realDonaldTrump‚Ä¶ https://t.co/o8laffkMOo",139,Biden
2020-08-02 21:20:03,1290034651902468096,If you won the lottery would you claim your prize in person or mail in the ticket? Think of that when you vote.‚Ä¶ https://t.co/hoGfzCZ3ol,136,Biden
2020-08-02 21:19:03,1290034400927682561,God isn‚Äôt blind. People have to remember that. Judgement will come. #2020Election #BLM #BLMmarxists https://t.co/YFnk9f8XPY,123,Biden
2020-08-02 21:16:42,1290033809082073089,RT @mycyanidetooth: One of these people has a grasp of the gravity situation. One has control of the situation ‚Äî and doesn‚Äôt even understan‚Ä¶,140,Biden
2020-08-02 21:14:04,1290033148223528960,"@JoeBiden Now, more than ever, we need a president that believes in God! @realDonaldTrump is the only choice for th‚Ä¶ https://t.co/kCNxsld9Ph",140,Trump
2020-08-02 21:12:55,1290032858480947201,"@realTuckFrumper A-list? That‚Äôs incredibly questionable!! Yikes! If @ScottBaio and @TedNugent was the best I could,‚Ä¶ https://t.co/zWofGImhjY",140,Trump
2020-08-02 21:12:48,1290032827472523264,"RT @LWVSTL: If you're voting in person Tuesday in Missouri's Primary, make a sample ballot by entering your address at https://t.co/G2eIRyI‚Ä¶",140,Biden
2020-08-02 21:06:31,1290031245091463168,"November 3rd is now, more than ever, a day of reckoning for the Americans.

#USPolitics #corruption #IMPOTUS‚Ä¶ https://t.co/IXaphTooB8",133,Trump
2020-08-02 21:05:49,1290031072399339526,RT @TheSource: Kanye West‚Äôs Petition To Appear On NJ Presidential Ballot Reportedly Has 600 Signatures That Are Incomplete Or Has Same Hand‚Ä¶,140,Biden
2020-08-02 21:02:41,1290030281131347968,"""These policies aren‚Äôt just the right thing to do ‚Äî they‚Äôre also the smart thing to do for the future of our countr‚Ä¶ https://t.co/cg0AwCP2ok",140,Biden
2020-08-02 21:02:28,1290030226555076608,"I'm calling it:

2020 will be the end of the two-party system. I believe a third if not fourth party will emerge to‚Ä¶ https://t.co/9QE4RLn0Z9",140,Biden
2020-08-02 21:02:07,1290030140425007104,No #news #media at @GOP presidential candidate (‚Å¶ @realDonaldTrump )‚Å© nominating convention? ‚ÄùCompliance‚Äù with stat‚Ä¶ https://t.co/0HQ38ukMIY,140,Trump
2020-08-02 21:01:10,1290029900561178625,The Legislature has passed a bill that would add Nevada to a growing list of states that will mail all active voter‚Ä¶ https://t.co/3wZUY8e11h,140,Biden
2020-08-02 21:00:08,1290029639390228480,@Two4Two4 @k_ovfefe2 @LKnudsen09 @Alyssa_Milano Fox preparing for lawsuits lying about coronavirus‚Ä¶ https://t.co/PTYL7ScwHP,123,Biden
2020-08-02 20:59:13,1290029409986994176,"Biden's new campaign slogan should be ""Vote for me, I'm a little less creepy than Trump."" #Biden #Trump #2020Election #Creepy",125,Biden
2020-08-02 20:58:00,1290029102670340096,"RT @LittleLobbyists: We're 100 days from the #2020Election!

1/100 THREAD ‚ÄúThis election is a matter of life &amp; death for kids like Xiomara.‚Ä¶",144,Biden
2020-08-02 20:57:21,1290028938253795328,@erin_gs @brianstelter The mainstream media need to get into the #2020Election fever now. Talk more mail-in and saf‚Ä¶ https://t.co/h5GmsY4Ejt,140,Trump
2020-08-02 20:55:02,1290028356763713537,PPE all over again.  I guess this is why we can't get to Nation wide Testing!  #TrumpThreatensAmerica #2020Election‚Ä¶ https://t.co/UwQsh0chYY,140,Biden
2020-08-02 20:53:12,1290027896984055810,"RT @NRDC_AF: Sidelining science can have disastrous results. On November 3, we vote to return science to the White House. #VoteBiden #VoteC‚Ä¶",140,Biden
2020-08-02 20:50:47,1290027289032368128,It seems like he is holding the US people hostage. By withholding this ‚Äúgreat healthcare‚Äù plan until after he ‚Äúwins‚Ä¶ https://t.co/3IBsR4ofG0,140,Biden
2020-08-02 20:50:02,1290027100313968640,Kanye West‚Äôs Petition To Appear On NJ Presidential Ballot Reportedly Has 600 Signatures That Are Incomplete Or Has‚Ä¶ https://t.co/dBWoreDtyi,139,Biden
2020-08-02 20:48:39,1290026750496239616,"So @joelockhart, @TheDemocrats should just keep @JoeBiden hidden from the public because you and them fear‚Ä¶ https://t.co/5r2yJSbnUG",131,Trump
2020-08-02 20:47:57,1290026574671093760,"RT @porpentina2017: I pledge to refrain from criticizing or tearing down any DEMOCRATIC candidates in the 2020 election. Furthermore, I pro‚Ä¶",140,Biden
2020-08-02 20:46:21,1290026170503720960,"So @smerconish, @TheDemocrats should just keep @JoeBiden hidden from the public because you and them fear‚Ä¶ https://t.co/2Xzz6vZs5K",130,Trump
2020-08-02 20:46:00,1290026084897939457,@AmyMcGrathKY Uncle Sam wants you! Again!! #AmyMcGrathForKentucky #2020Election,79,Biden
2020-08-02 20:40:47,1290024769593552903,#vote #2020Election #Election2020 https://t.co/aqOJ2ovhMi,57,Biden
2020-08-02 20:37:42,1290023995836792832,"RT @Varneyco: With #NewYork still counting votes from its previous #primary election, many are wondering if the same will happen for the #2‚Ä¶",140,Biden
2020-08-02 20:37:38,1290023979386888193,RT @Varneyco: President Trump can no longer hold in-person rallies during the #pandemic but @ErinMPerrine says that his base is as supporti‚Ä¶,140,Biden
2020-08-02 20:37:37,1290023973003067393,"Did I really just see a commercial for ‚ÄúTrumpy Bear?‚Äù ü•¥ü•¥ü•¥

#2020Election https://t.co/1kDgLMYcHo",96,Biden
2020-08-02 20:34:00,1290023064730849285,"Sidelining science can have disastrous results. On November 3, we vote to return science to the White House.‚Ä¶ https://t.co/tm78UR1YV3",133,Biden
2020-08-02 20:33:53,1290023035957702658,Check out this 2020 election forecast via @270toWin https://t.co/7xR3PVYfbR #2020election,89,Trump
2020-08-02 20:33:50,1290023023240720384,"RT @PiperPerabo: .@amjoyshow thanks for having these Congressional candidates on your show! I think @PamKeithFL  #FL18 is great. 

Excited‚Ä¶",139,Trump
2020-08-02 20:31:47,1290022504145158146,How does an election year typically affect the stock market? Click Here to Learn More- https://t.co/RUCvUYIh1m‚Ä¶ https://t.co/Jh0ASaN1um,135,Trump
2020-08-02 20:30:09,1290022094059606016,"Top @JoeBiden VP contenders face sexist tropes, intense scrutiny in final stretch https://t.co/pnOTPLEUv1 via @CNN‚Ä¶ https://t.co/ycBRfNifPU",139,Trump
2020-08-02 20:30:00,1290022056202035200,Are you looking for resources on Kansas elections? We have you covered! Visit our website for publications:‚Ä¶ https://t.co/YcHhleomwM,132,Trump
2020-08-02 20:29:36,1290021957417619456,"RT @NARALNC: Hey, hey, North Carolina!  Be sure to check your voter registration and make sure everything is correct...then call 10 of your‚Ä¶",140,Biden
2020-08-02 20:29:31,1290021935951147008,"#JoeBiden is the biggest dud of a nominee since Alf Landon. 
#2020Election",74,Biden
2020-08-02 20:29:26,1290021916170792960,"Um, are we supposed to be excited that this administration won't overtly try to subvert the #Constitution? I'm not.‚Ä¶ https://t.co/4XiHLeFMTH",140,Biden
2020-08-02 20:27:16,1290021368029802498,@clairecmc White House daily rapid testing has not created more casesü§î‚ö†Ô∏èLack of a wartime president leadership has‚Ä¶ https://t.co/sexF4u5g33,139,Biden
2020-08-02 20:23:24,1290020397463695360,@LKnudsen09 @k_ovfefe2 @Two4Two4 @Alyssa_Milano For context imagine how trump #investors felt about lying‚Ä¶ https://t.co/pYnDNUHjI6,130,Trump
2020-08-02 20:20:33,1290019677733892099,"Democrats passed a relief bill months ago, granted one stuffed with B.S., but if McConnell had put the good of the‚Ä¶ https://t.co/ihCcZSAdRM",139,Biden
2020-08-02 20:20:13,1290019593415610368,RT @jaba_kash: Housing market in California is going to crash. Brace yourselves. #realestateagent #housing #redfin #trulia #zillow #recessi‚Ä¶,140,Trump
2020-08-02 20:19:35,1290019435080605696,"RT @Ashley_B_Eason: üó£Interested in financially supporting our canvassing efforts but don't have the time to volunteer? 

Consider donating‚Ä¶",139,Biden
2020-08-02 20:19:21,1290019374917545984,Housing market in California is going to crash. Brace yourselves. #realestateagent #housing #redfin #trulia #zillow‚Ä¶ https://t.co/11wqex2guG,140,Trump
2020-08-02 20:18:59,1290019284018556929,"July totals @realDonaldTrump = 767 Tweets/RTs, @JoeBiden = 222
-Sentiments: Biden steady except 7/28‚Ä¶ https://t.co/f0xu5DMPVS",125,Trump
2020-08-02 20:18:59,1290019283137753088,"I will be voting for the enemy of my enemy @realDonaldTrump #Trump2020
#MAGA2020 #WeWillVote #2020Election

Did I m‚Ä¶ https://t.co/pUgDuyG33J",140,Trump
2020-08-02 20:17:10,1290018825484644353,"RT @AllenFrancesMD: In the struggle for America's soul, Obama/Kaepernick appeal to our better angels; Trump/Fox incite our inner demons.

W‚Ä¶",140,Trump
2020-08-02 20:15:29,1290018405802639362,#blackstatefair #Minnesota #DemocratsAreDestroyingAmerica #2020Election #Democrat #DoubleStandards https://t.co/UXr4AqqjJw,122,Trump
2020-08-02 20:14:09,1290018067754266624,"@GOPChairwoman #Trump2020Victory #RNC SPEECH SHOULD INCLUDE THE FOLLOWING ACCOMPLISHMENTS: 150,000+ DEAD, 20M+ UNEM‚Ä¶ https://t.co/qdkBioeiN1",140,Biden
2020-08-02 20:12:58,1290017770654928896,"#TrumpHasNoPlan? #Trump has #PlansforMassDestruction. So far, he's killed thousands of Americans, tanked the econom‚Ä¶ https://t.co/rQYTBVxesR",140,Biden
2020-08-02 20:12:55,1290017759946928128,@AnaCabrera @WhipClyburn Yep! #2020Election #2020Elections #Vote,64,Biden
2020-08-02 20:12:17,1290017598080352256,#MAGA #Trump #2020Election cmon fellow republicans let‚Äôs show these liberals üò° https://t.co/ySuqyKuzDG,102,Trump
2020-08-02 20:10:40,1290017193074102274,"#VoterFraud Is Real‚ÄîHere's How #Democrats 

AND .@RepSusieLee 

Want to Steal the #2020Election‚Ä¶ https://t.co/zLYAOjOAG6",120,Trump
2020-08-02 20:07:51,1290016480797405184,@tedcruz Wear masks so when you are rioting they can't identify you or better yet incase you shoot someone....‚Ä¶ https://t.co/UV409QAGOZ,135,Trump
2020-08-02 20:07:28,1290016385267990528,"Incase any of you are curious, the directives for this year are as follows: get organized, get involved, make a dif‚Ä¶ https://t.co/necSt2BL95",140,Trump
2020-08-02 20:06:51,1290016233086054400,"@HeroUnwanted @jtjeremybtc Bill is a piece of shift no doubt.
If you really believe that Trump is not also a pedoph‚Ä¶ https://t.co/jt1n6FCIRS",140,Biden
2020-08-02 20:05:45,1290015956018835456,"This week we're talking about voting+COVID19. Also, check out the podcast Vote!: https://t.co/ri4WEGtPcK.‚Ä¶ https://t.co/g6iVFGr29J",130,Biden
2020-08-02 20:05:40,1290015932396343296,"üó£Interested in financially supporting our canvassing efforts but don't have the time to volunteer? 

Consider donat‚Ä¶ https://t.co/XugqZuRlix",140,Biden
2020-08-02 20:05:12,1290015817241829378,"What is the most important issue on who you vote for in the 2020 presidential election?

#2020Election‚Ä¶ https://t.co/WFCirrJpnj",127,Biden
2020-08-02 20:04:47,1290015712891662336,@CREWcrew Why does @Twitter permit #trump‚Äôs #disinformation about the #2020Election?,84,Trump
2020-08-02 20:02:17,1290015081183318017,"Todays shopping, people waiting in lines to get into stores.If we can shop, we can go vote in person! No mail in vo‚Ä¶ https://t.co/oyLw8i0jAj",140,Biden
2020-08-02 20:01:16,1290014827998359552,@MSNBC Stop #VoterSuppression #VoteGold #2020Election @Jorgensen4POTUS #DumpTrump bye bye @JoeBiden https://t.co/JFaJLglemT,123,Biden
2020-08-02 20:01:05,1290014778400759808,Of course @realDonaldTrump will accept #ForeignInterference from #Russia or #China in #2020Election. He's clearly d‚Ä¶ https://t.co/UuSXvSKoeV,140,Trump
2020-08-02 19:58:27,1290014119089672193,"@k_ovfefe2 @Two4Two4 @LKnudsen09 @Alyssa_Milano You protecting trump is amazing

Him being an adulter to his wife i‚Ä¶ https://t.co/iKP6rEyPC8",140,Trump
2020-08-02 19:58:11,1290014050873569280,@realDonaldTrump needs to go &amp; so does the other Republicans that have allowed him to ruin our country‚Ä¶ https://t.co/0OeYsmtXk4,131,Trump
2020-08-02 19:57:39,1290013915838021632,Valgresultatet i USA kan bli noe s√•nt? https://t.co/WrfNyDesrS #2020election,76,Biden
2020-08-02 19:56:15,1290013563046658048,@CNN How irresponsible of @WhipClyburn to spread this garbage and #CNN to provide the platform. It is‚Ä¶ https://t.co/54vMOXHpVy,126,Biden
2020-08-02 19:55:03,1290013259748110336,"A little levity...
#2020Election https://t.co/N9I3194kIg",56,Biden
2020-08-02 19:54:32,1290013133592047616,RT @chickwerner: @atrupar #JasonMiller is evasive because #tRUmp campaign has been receiving foreign assistance for some time. Trump admitt‚Ä¶,140,Trump
2020-08-02 19:54:22,1290013090575081472,"RT @culturasus: Fact Check: Am I OK to vote by mail? https://t.co/Lof0HDgNVY via @Culturas
#votebymail #GoodTrouble #2020Election #vote",135,Biden
2020-08-02 19:51:38,1290012401241227264,"Government is infrastructure meant to keep society stable. 

The post office, ambulance services, education and roa‚Ä¶ https://t.co/Wu9Vz8wFAy",140,Biden
2020-08-02 19:51:15,1290012303199330305,RT @liberalbase: Columnist @JackH1010 on President #Trump's call for the #USElection to be postponed due to #COVID19. https://t.co/9XV794sl‚Ä¶,140,Trump
2020-08-02 19:50:46,1290012183015743489,I receive other peoples mail on a regular basis. On numerous occasions my mail has been delivered to other addresse‚Ä¶ https://t.co/xpsmJvad3n,140,Biden
2020-08-02 19:47:15,1290011297526890496,@TeamJoe America will pass the cognitive test for 2020. #GOVOTE #2020Election https://t.co/7rzKQu5ErK https://t.co/aO85g0puGj,125,Biden
2020-08-02 19:46:12,1290011035290619906,RT @JennMgg: @claudiamconwayy @RepSmucker @SenToomey @SenatorAument @GOP This is your guy! This is the guy that you put all your faith into‚Ä¶,140,Trump
2020-08-02 19:45:49,1290010935973691392,@claudiamconwayy @RepSmucker @SenToomey @SenatorAument @GOP This is your guy! This is the guy that you put all your‚Ä¶ https://t.co/mQtyc1g77k,140,Biden
2020-08-02 19:45:33,1290010870559330304,#OANNewsroom #2020election #ChiefofStaffMarkMeadows #mailinvoting Meadows: Universal mail-in voting ‚Äònot a good ide‚Ä¶ https://t.co/06C6bsJEIC,140,Biden
2020-08-02 19:44:00,1290010482032521217,There are 2.1 months until the #2020Election!  #vote &amp; remember to #washyourhands,85,Biden
2020-08-02 19:43:53,1290010449405079554,"Dear @GOP 
There's still time to pick someone else. ANYONE else. 
I'll make you a deal. You pick a different candid‚Ä¶ https://t.co/ocNiMYeBqw",140,Trump
2020-08-02 19:43:20,1290010312167440384,@SauterRory Loved your interview with @AmyforOregon! She is a great candidate to turn #OR05 red in November!!‚Ä¶ https://t.co/KYFxygAh10,134,Trump
2020-08-02 19:42:44,1290010163970297856,Happy birthday #JamesBaldwin. You are so much alive nowadays. #2020election,75,Trump
2020-08-02 19:42:26,1290010086602022912,#2020Election #biden #trump #vote #sundayvibes,46,Biden
2020-08-02 19:39:55,1290009453899603968,"Fact Check: Am I OK to vote by mail? https://t.co/Lof0HDgNVY via @Culturas
#votebymail #GoodTrouble #2020Election #vote",119,Biden
2020-08-02 19:37:42,1290008894069248000,I will never understand how @POTUS wanting to remove the most corruptable (relative) form of voting is somehow  ONL‚Ä¶ https://t.co/0EZhIP4VW3,140,Biden
2020-08-02 19:37:01,1290008723100901376,RT @BrvHrt09: For all the braggadocio by DJT that he‚Äôd run #TrumpsAmerica like his ‚Äúsuccessful‚Äù business can‚Äôt even stop #COVID19 like ever‚Ä¶,140,Trump
2020-08-02 19:36:43,1290008647930585088,RT @Carolinaxsuarez: Who would you vote for POTUS 2020 #Kanye2020 #2020Election #POTUS #TaylorSwiftFolklore,107,Trump
2020-08-02 19:36:05,1290008488601477120,"Again, Republicans will cheat and crime to win. Nothing is beneath them. We need to vote like our democracy depends‚Ä¶ https://t.co/0905AIegVb",140,Biden
2020-08-02 19:35:28,1290008335211626496,"I doubt he has any idea who she is. This tweet has 'marketing team' written all over it, it was probably posted whi‚Ä¶ https://t.co/EhJSCQbaJj",140,Trump
2020-08-02 19:33:20,1290007797690597376,"Don't Forget the Judges!
https://t.co/YZk0rCaEPh

#2020Election #bluewavenc #votedem2020 #wakecounty #wakedemocrats‚Ä¶ https://t.co/SC1NYQYtPY",140,Biden
2020-08-02 19:32:01,1290007466290212865,"RT @KarenBRubin: @CNNSotu @CNN #Trump and #Republicans intend to steal #2020election. Have invitations out to #Putin, #KimJongUn &amp; legions‚Ä¶",143,Biden
2020-08-02 19:30:56,1290007194021367810,RT @Karen49434003: Federal authorities say one of the gravest threats to the November election is a well-timed ransomware attack that could‚Ä¶,140,Biden
2020-08-02 19:29:13,1290006760703635463,"RT @SCVIndy: @TikTokTrump_ Trumps acts degrade America w @SenateGOP @HouseGOP assistanceüëá

Now they obstruct extending #UnemploymentInsuran‚Ä¶",140,Trump
2020-08-02 19:28:10,1290006497779281921,"During last three years of #President #BarackObama &amp; #JoeBiden‚Äôs administration, the economy¬†created more jobs¬†than‚Ä¶ https://t.co/reH2AlzFhy",144,Biden
2020-08-02 19:27:02,1290006212767956992,One of these people has a grasp of the gravity situation. One has control of the situation ‚Äî and doesn‚Äôt even under‚Ä¶ https://t.co/dGnQb55Vvb,140,Biden
2020-08-02 19:26:34,1290006095520362497,"send the love angels
#OustDuterte 
#DuqueResign 
#AcademicFreezeNOW 
#VoluntaryECQ 
#FrontlinersCallForTimeout‚Ä¶ https://t.co/YKZvPzgpeE",135,Trump
2020-08-02 19:25:59,1290005947750916096,Random thoughts: #KylieMinogue #KylieDisco #TheAlienist #CalebCarr #Delmonicos #DairyQueen #Blizzard‚Ä¶ https://t.co/4oLiAZdRbH,125,Trump
2020-08-02 19:25:27,1290005813998678016,"Listen to ""Episode 85 - Too Close to Call"" by The Moderate #Podcast. @SMNDeWitt #2020election #Electionof1876‚Ä¶ https://t.co/1BVaZVcod2",134,Biden
2020-08-02 19:21:59,1290004938316304384,Who would you vote for POTUS 2020 #Kanye2020 #2020Election #POTUS #TaylorSwiftFolklore,86,Trump
2020-08-02 19:18:41,1290004108296851457,"@realDonaldTrump #2020Election Vote a straight Blue ticket on November 3, 2020!",79,Biden
2020-08-02 19:16:05,1290003457269587968,RT @chickwerner: @DNCWarRoom #JasonMiller is evasive because #tRUmp campaign has been receiving foreign assistance for some time. Trump adm‚Ä¶,140,Trump
2020-08-02 19:09:41,1290001846426189825,#VoteByMail could be the key to voting safely in the #2020Election but politicians are spreading misinformation abo‚Ä¶ https://t.co/xIpeMGEQBz,140,Biden
2020-08-02 19:09:27,1290001783922688000,RT @ZeldaNK11: #Vote #VoteBlue #VoteTrumpOut #VoteBluein2020 #VoteForOurLives #VoteBlueinNov2020 #VoteBlueNoMatterWho #VoteBlueToSaveAmeric‚Ä¶,140,Biden
2020-08-02 19:07:17,1290001240697393152,#Vote #VoteBlue #VoteTrumpOut #VoteBluein2020 #VoteForOurLives #VoteBlueinNov2020 #VoteBlueNoMatterWho‚Ä¶ https://t.co/EPX7VnzztE,127,Biden
2020-08-02 19:06:51,1290001132119396354,#93days left #JoeBiden2020 #2020election https://t.co/wYac0FnDuu,64,Biden
2020-08-02 19:03:35,1290000308337143808,@TheDailyShow @lizakoshy @WhenWeAllVote She should ‚ÄúDouble Dare‚Äù The President not to hold up the election in Novem‚Ä¶ https://t.co/4KFr0QEWb2,140,Biden
2020-08-02 19:02:32,1290000045643837441,"RT @SCVIndy: Listening to @JohnFugelsang @SXMProgress caller asking what we as individuals can do to protect #Democracy from trump

Suggest‚Ä¶",140,Biden
2020-08-02 19:01:05,1289999682035277824,"I-94 Express Making Shipping More Cost Efficient And Convenient
https://t.co/J76E9UJty8
#2020Election 
#pandemic",112,Biden
2020-08-02 19:01:03,1289999673906753537,#OANNewsroom #2020election #DemocratParty #EmilyLambert Joe Biden preparing to announce running mate‚Ä¶ https://t.co/A6uUsPbzov,125,Biden
2020-08-02 19:00:01,1289999411469094915,"Get to know Tim Gunther:

Web: https://t.co/hmKF1sk03w
Fb: https://t.co/P4M1zaGPAx
WCDP: https://t.co/2y8NSlits9

Y‚Ä¶ https://t.co/ZIkx3DRNpj",140,Biden
2020-08-02 18:57:57,1289998890410766336,It's sad to see the doubt Trump is attempting to create around election results in November. It's already ready tak‚Ä¶ https://t.co/kNhSYY1RyY,140,Trump
2020-08-02 18:57:40,1289998820877586433,"Growing up not hearing someone tell you they love you is one thing. But Being *shown* that you aren‚Äôt loved, apprec‚Ä¶ https://t.co/cyCcFnBDuJ",140,Trump
2020-08-02 18:57:15,1289998714807828480,"The #2020Election MUST be a GODDAMNEDMOTHERFUCKING LANDSLDE.

There can be no question. No small margin worth conte‚Ä¶ https://t.co/eMfoawWajT",140,Biden
2020-08-02 18:56:07,1289998431604228097,#USelection: #Republicans dampen reports of convention media ban https://t.co/Jo6zzEPJHL,88,Trump
2020-08-02 18:54:48,1289998098781990913,@thehill Pompeo can save his breath - ain‚Äôt nobody listening to America about elections after #trump‚Äôs BS tweet abo‚Ä¶ https://t.co/x7irhO17Ps,140,Trump
2020-08-02 18:53:50,1289997857651482624,RT @Mycrazy64212091: #TrumpIsLosing #VoterSuppression #AmericaOrTrump #2020Election #TrumpFailedAmerica https://t.co/F4QWaHhP47,127,Biden
2020-08-02 18:53:46,1289997839129427970,#MailInBallots #mailinvote #2020election https://t.co/o3QndV6bW6,64,Biden
2020-08-02 18:53:01,1289997650268270592,"I knew Biden was ahead in the polls, but I didn‚Äôt realize he was THIS far ahead!  It really shows when you translat‚Ä¶ https://t.co/I65K2mNvlv",140,Biden
2020-08-02 18:51:51,1289997357317201926,@realDonaldTrump @GOPChairwoman PLEASE require all states who go to 100% mail in ballots to create a platform where‚Ä¶ https://t.co/pp43iyzFLN,140,Biden
2020-08-02 18:50:50,1289997101091319809,RT @BosGuy: Hey @MassGovernor &amp; @marty_walsh to ease the burden on the Postal Service with mail-in ballots this November will Mass be provi‚Ä¶,144,Biden
2020-08-02 18:50:23,1289996986897199104,@AdamLaxalt Will there be a platform where voters can verify their vote was received and counted correctly!‚Ä¶ https://t.co/JuihV8Gpzv,132,Biden
2020-08-02 18:47:44,1289996319117864960,@POTUS #PortlandMoms #VoteBlueToSaveAmerica #2020Election #WeWillVote #GoodTrouble #JohnLewisGoodTrouble‚Ä¶ https://t.co/DAkEMqeNoM,129,Biden
2020-08-02 18:47:33,1289996273282461697,#spying #2020election #Î∞©ÌÉÑÏÜåÎÖÑÎã® #AllLivesMatter #Banned #tiktokdown #TikTok #asknasa #Trendsetters #USA #USPS #free‚Ä¶ https://t.co/Cf88ZCJay1,137,Trump
2020-08-02 18:45:05,1289995652101898242,RT @REBrokerEric: Millions of dead Americans were mailed stimulus checks. How many will get a ballot for November‚Äôs election. #2020Election,139,Biden
2020-08-02 18:44:02,1289995387894284289,"#NEW: Nevada Senate votes on party lines &amp; passes #AB4, which expands mail-in voting during ‚Äúelections adversely af‚Ä¶ https://t.co/xCzEpxnxA5",144,Biden
2020-08-02 18:40:58,1289994618621308928,@TheJusticeDept @realDonaldTrump @thebradfordfile @MsAvaArmstrong @BenKTallmadge @joelpollak #censorship‚Ä¶ https://t.co/gmLEFLb7eK,129,Trump
2020-08-02 18:40:42,1289994549092167680,"@JamesrossrJames For context #russian involvement US elections

Check out this article from @USATODAY

President Tr‚Ä¶ https://t.co/983Ow32sKo",140,Trump
2020-08-02 18:39:28,1289994240412413952,Columnist @JackH1010 on President #Trump's call for the #USElection to be postponed due to #COVID19. https://t.co/9XV794slyi,124,Trump
2020-08-02 18:39:22,1289994214873239552,For all the braggadocio by DJT that he‚Äôd run #TrumpsAmerica like his ‚Äúsuccessful‚Äù business can‚Äôt even stop #COVID19‚Ä¶ https://t.co/YxkydyrLgu,140,Trump
2020-08-02 18:39:20,1289994205566087168,"Opinion | We‚Äôre Republican Election Officials, and We Are Worried
 https://t.co/y3PbKx0r2j via @politico #2020Election #Voting",126,Trump
2020-08-02 18:38:03,1289993883011682310,@RevDrBarber @senatemajldr 72 days since #MitchMcConnell received the #HeroesAct ...  Republicans no plans battling‚Ä¶ https://t.co/U5vfR4adom,140,Biden
2020-08-02 18:37:56,1289993856205955073,Hey @MassGovernor &amp; @marty_walsh to ease the burden on the Postal Service with mail-in ballots this November will M‚Ä¶ https://t.co/FkRVuNeVCH,144,Biden
2020-08-02 18:36:41,1289993538986541056,RT @chickwerner: @TheDemCoalition #JasonMiller is evasive because #tRUmp campaign has been receiving foreign assistance for some time. Trum‚Ä¶,140,Trump
2020-08-02 18:34:44,1289993049452564480,RT @scherzva: #Ivanka using Joseph Campbell for her malevolent purposes itself is enough to cause a deep disturbance in the Force. #stepfor‚Ä¶,140,Biden
2020-08-02 18:33:13,1289992665451249664,"RT @FixUSANow: @Rifleman4WVU Globalists, #Dems and #Fauci control 95% of MSM. Their words are reaching Americans while Christians and Conse‚Ä¶",140,Trump
2020-08-02 18:32:35,1289992508445868032,"Question: what would #America look like if @JoeBiden was the next president?

Answer: #America

#YesWeCan‚Ä¶ https://t.co/2IVbczQiJh",130,Trump
2020-08-02 18:32:33,1289992498954158080,"RT @VotersaurusR: Vote early, send it early or better yet - use a ballot dropbox. #VoteByMail #2020Election #VoteBlue2020",121,Biden
2020-08-02 18:32:02,1289992368075280384,#GOPTaxScam #GOPCorruptionOverCountry #GOPBetrayedAmerica #GOPComplicitTraitors #SocialSecurity #GOPScam‚Ä¶ https://t.co/NVmngrS1fU,129,Biden
2020-08-02 18:31:44,1289992294414737409,"RT @zdub2010: ‚ÄúAmerica will never be destroyed from the outside. If we falter and lose our freedoms, it will be because we destroyed oursel‚Ä¶",140,Trump
2020-08-02 18:30:31,1289991990042431495,We at GSU Civic Engagement would like to thank The Andrew Goodman Foundation for hosting the first-ever‚Ä¶ https://t.co/3mxGKAQusq,128,Trump
2020-08-02 18:30:13,1289991913345409027,"RT @divaous4: This is Danny Carson last night in Florence, Alabama at a protest to relocate the confederate monument, counter protesting wi‚Ä¶",140,Trump
2020-08-02 18:29:51,1289991820751933445,"YES WE WILL!!
#BlueWave #WeWillVote #2020Election #VoteBlueToEndThisNightmare https://t.co/ZEFUjPgMQZ",101,Biden
2020-08-02 18:28:48,1289991557110624257,@AliVelshi King #trump will have AG Barr and his team of lawyers sue every state where results are close. #2020Election,119,Biden
2020-08-02 18:28:25,1289991460494938113,@JoeBiden will not be the nominee.  His only purpose at this point is a distraction. @dbongino #2020Election‚Ä¶ https://t.co/ggwU6ILT7x,133,Biden
2020-08-02 18:27:13,1289991158513283073,Trump is trying to refight the Civil War.  #Republicans #Racism #Trump #Blackvoters #2020Election #GetWoke‚Ä¶ https://t.co/PdYump28kN,131,Biden
2020-08-02 18:27:11,1289991148795133953,"@Rifleman4WVU Globalists, #Dems and #Fauci control 95% of MSM. Their words are reaching Americans while Christians‚Ä¶ https://t.co/soUixFUh6z",139,Biden
2020-08-02 18:24:29,1289990468911038464,Let‚Äôs make trending #fuckmask. #Patriots win. #QAnon #QAnon2020 #2020election #MAGA #MAGA2020 #KeepAmericaGreat https://t.co/6ZCDuqkGKZ,135,Trump
2020-08-02 18:22:54,1289990069625872385,"RT @chrisdavisLens: what all #bigtech should be doing in this moment, where government fails cuts @WHO funding, @BillGates focuses more fun‚Ä¶",140,Biden
2020-08-02 18:22:33,1289989984942989312,"RT @chrisdavisLens: fascinating to see who is rising to the calling when he could be retreating to a island bunker

@billgates faces this c‚Ä¶",140,Biden
2020-08-02 18:22:29,1289989966559244288,"RT @chrisdavisLens: the end of the beginning
@billgates on our malleable path forward, the need for planetary thinking, and the coming ‚Äúger‚Ä¶",140,Biden
2020-08-02 18:22:13,1289989901291675649,#Ivanka using Joseph Campbell for her malevolent purposes itself is enough to cause a deep disturbance in the Force‚Ä¶ https://t.co/aeyqTfABOo,140,Biden
2020-08-02 18:21:41,1289989765253586944,Listening to @JohnFugelsang @SXMProgress caller asking what we as individuals can do to protect #Democracy from tru‚Ä¶ https://t.co/Zyiqo0Yd2o,140,Biden
2020-08-02 18:21:21,1289989680927145985,"RT @THEHermanCain: Radical leftists, who've decided that the police are the enemy, may love this. Normal human beings, who understand that‚Ä¶",139,Trump
2020-08-02 18:21:05,1289989614376062978,"#Politics #World #2020election U.S. presidential election to be held Nov. 3 as planned, White House says‚Ä¶ https://t.co/23tNDKtjzP",129,Biden
2020-08-02 18:16:04,1289988352398127104,This is the final RCP set of polls and average before the 2016 election. It shows Clinton up by 3.3 pts. She lost b‚Ä¶ https://t.co/6zKnymNCFX,140,Trump
2020-08-02 18:15:20,1289988167798599680,"@realDonaldTrump @realDonaldTrump You had  your chance and you made things worse. Over 30M lost jobs, 33% drop in G‚Ä¶ https://t.co/MVz3ApYzuM",140,Biden
2020-08-02 18:13:54,1289987808283619328,"RT @VotersaurusR: Vote early, send it early or better yet - use a ballot dropbox. #VoteByMail #2020Election #VoteBlue2020 https://t.co/BcdW‚Ä¶",140,Biden
2020-08-02 18:10:14,1289986881984139264,RT @chrisdavisLens: being part of a digital #civilsociety is protecting your own #dataprivacy - sad that what is needed are periodic privac‚Ä¶,140,Biden
2020-08-02 18:09:43,1289986751528931335,"what happens when you have summer camp with no masks, no social distancing?  200 go home with the virus, go figure‚Ä¶ https://t.co/xQYmR5Mtik",139,Trump
2020-08-02 18:07:29,1289986189613830145,@RepDMP 's 100% voting with Pelosi record could be a problem for her re-election chances against @MayorGimenez‚Ä¶ https://t.co/7WZbVwsPk5,135,Biden
2020-08-02 18:07:05,1289986090460499969,"RT @anuprao07: #twittermoments2020

1.#happynewyear2020 
2.#COVID_19
3.#IPL2020
4.#Chinavirus
5.#Master
6.#Valimai 
7. #USelection 
8.#Sush‚Ä¶",140,Biden
2020-08-02 18:06:28,1289985936407715840,"RT @alghadeertv_eng: U.S. election will be Nov. 3 as planned, #Trump advisers say

https://t.co/JpEkkVGjxN

#TrumpIsLosing #USElection2020‚Ä¶",139,Biden
2020-08-02 18:04:30,1289985438812221440,being part of a digital #civilsociety is protecting your own #dataprivacy - sad that what is needed are periodic pr‚Ä¶ https://t.co/5KwjYmEj9p,140,Biden
2020-08-02 18:03:11,1289985107537743872,"RT @maxtreemax: Do u support BLM ?
#blm #BlackLivesMatter #TrumpHatesWomen #BLACKWOMEN #GeorgeFloyd #AllLivesMatter #America #Earth #BlackT‚Ä¶",140,Trump
2020-08-02 18:01:31,1289984691542474753,RT @NabilAlTikriti: Steve Coll @NewYorker asks if #USPS is being manipulated for political purposes in the lead up to the #2020Election: ht‚Ä¶,140,Biden
2020-08-02 18:01:28,1289984678783410176,Save your money on those stimulus checks those don‚Äôt go anywhere near as far as you think. Barely covers the rent a‚Ä¶ https://t.co/fg1HvYVfUb,140,Trump
2020-08-02 18:01:21,1289984647104008193,"To help protect #absenteevoting in the #2020Election, we should call on direct mail advertisers (@dma_usa) and othe‚Ä¶ https://t.co/NM38Qzwhp7",140,Biden
2020-08-02 17:59:57,1289984294945828866,"#twittermoments2020

1.#happynewyear2020 
2.#COVID_19
3.#IPL2020
4.#Chinavirus
5.#Master
6.#Valimai 
7. #USelection‚Ä¶ https://t.co/LTEr2Jn4Rw",140,Biden
2020-08-02 17:58:42,1289983980876345344,"RT @brian_henderson: The WH messing with USPS operations in an attempt to mess with US #2020election process. 

Congress failing to act cou‚Ä¶",140,Biden
2020-08-02 17:57:51,1289983768548147205,"The WH messing with USPS operations in an attempt to mess with US #2020election process. 

Congress failing to act‚Ä¶ https://t.co/8uRYoDCcHl",139,Biden
2020-08-02 17:56:36,1289983452071071744,"U.S. election will be Nov. 3 as planned, #Trump advisers say

https://t.co/JpEkkVGjxN

#TrumpIsLosing‚Ä¶ https://t.co/xhjh0i2YoM",126,Trump
2020-08-02 17:56:29,1289983421888868352,What Is #ClimateJustice? #ClimateChangeImpacts #CommunitiesofColor #IndigenousPeople #PoorPeople #DisabledPeople‚Ä¶ https://t.co/ZaFOVpynoU,137,Trump
2020-08-02 17:53:41,1289982717304676352,"Does anyone notice the #MAGA2020 crowd is getting more emotional and even less rational, as they try to defend the‚Ä¶ https://t.co/RgySBktELM",139,Trump
2020-08-02 17:51:47,1289982239875510272,"the choice to #REOPENSCHOOLS cannot be mandated from above, every local community must weight the risks

it seems t‚Ä¶ https://t.co/frBzIf24iW",140,Biden
2020-08-02 17:51:28,1289982160418435072,@senatemajldr Please do your job and get bills passed to help the our dying country. People like you and those choo‚Ä¶ https://t.co/CfEqXYSv8I,140,Biden
2020-08-02 17:48:14,1289981348728324098,"@TikTokTrump_ Trumps acts degrade America w @SenateGOP @HouseGOP assistanceüëá

Now they obstruct extending‚Ä¶ https://t.co/5Pdbb7i50m",130,Trump
2020-08-02 17:46:06,1289980812184547328,"Civic engagement is, and always has been, central to racial justice work. On August 6, join @YWCAUSA for a virtual‚Ä¶ https://t.co/KZGYHmnPQz",139,Biden
2020-08-02 17:45:02,1289980540024532992,"THIS!
This, right here, is one of the ways #Trump plans to muddy the #2020Election, so he can retain power.‚Ä¶ https://t.co/14tkiQPx9Q",132,Biden
2020-08-02 17:45:00,1289980535079485441,"The Latest, Fast-Moving Developments in the #2020Election Season
https://t.co/ALC8OLnaru",88,Trump
2020-08-02 17:44:37,1289980436756623361,"RT @RothTheReporter: Two congressional candidates walk into a polling place, and both win the same seat in 2018...

My story on the #MI13 r‚Ä¶",140,Biden
2020-08-02 17:40:48,1289979477968039936,"#Trump has had a plan to steal the #2020Election just like the 2016 one; only a new &amp; improved method.

The‚Ä¶ https://t.co/ISG70C66bv",136,Biden
2020-08-02 17:37:54,1289978744938012672,"#Vermont and the feds must become more fiscally responsible as we move past #Covid_19. 

A 2018 ""Truth in Accountin‚Ä¶ https://t.co/dXBhplAvz4",140,Biden
2020-08-02 17:37:33,1289978659990671360,Saw two yard signs in the same yard. ‚ÄúSpread Christ‚Äôs Love‚Äù and ‚ÄúTrump 2020: Build the Wall‚Äù. How can ppl simultane‚Ä¶ https://t.co/ear9kyymub,140,Biden
2020-08-02 17:36:23,1289978365307363329,"RT @_itszie: Arrest the cops that killed Breonna Taylor (it has been 142 days).
Black Lives (still) Matter.
Vote as if your life depended o‚Ä¶",140,Trump
2020-08-02 17:32:45,1289977452484128768,"Arrest the cops that killed Breonna Taylor (it has been 142 days).
Black Lives (still) Matter.
Vote as if your life‚Ä¶ https://t.co/PjEoJMjD3I",140,Trump
2020-08-02 17:31:41,1289977181888638982,"@PureMichGirl @TheRISEofROD The #2020Election will be rigged, and possibly stolen by the radical left/Democrats!",112,Trump
2020-08-02 17:31:28,1289977129422057472,@Two4Two4 @LKnudsen09 @k_ovfefe2 @Alyssa_Milano Clearly your projecting your made up speculations on Biden to criti‚Ä¶ https://t.co/3AnsjjDAqW,140,Biden
2020-08-02 17:30:58,1289977003169505280,"@FOXSportsBraves @Braves 

@LieutenantDans7 for President‚ÄºÔ∏è

#2020Election #LieutenantDan #GoBraves #ChopOn",107,Biden
2020-08-02 17:30:33,1289976896499793920,#2020Election  Will #Trump abdicate his throne in November or will he have to be forcibly removed by Capital Hill p‚Ä¶ https://t.co/sg0xe8RlBg,140,Trump
2020-08-02 17:28:03,1289976265777090561,"Remember, remember the 3rd of November!  4 years ago we made a mistake &amp; elected this Chump!  He failed to make Ame‚Ä¶ https://t.co/WjFBZmJAWz",144,Biden
2020-08-02 17:25:04,1289975516389429251,Texas needs 100% vote-by-mail access for all Texans! Sign this petition to send a message to @GregAbbott_TX with‚Ä¶ https://t.co/8ODz43Z6CK,137,Biden
2020-08-02 17:21:00,1289974492496887808,Federal authorities say one of the gravest threats to the November election is a well-timed ransomware attack that‚Ä¶ https://t.co/7uM9TVAelZ,139,Biden
2020-08-02 17:20:37,1289974398904963072,"RT @Henryhooddavis: I'M VOTING FOR @JoeBiden AND NOT @realDonaldTrump IN #2020election!!
#GOTRUMPORCRY https://t.co/wIYAVupH9E",126,Biden
2020-08-02 17:17:11,1289973532764454913,Fox‚Äôs Wallace presses Trump adviser on whether campaign would accept foreign assistance https://t.co/mBvDmwb6iF‚Ä¶ https://t.co/aMN4HqAzVM,136,Trump
2020-08-02 17:17:02,1289973493468200960,"how effective were the July #boycottfacebook efforts?
raised awareness, but it will take a collective movement incl‚Ä¶ https://t.co/ysDAAoYYVa",140,Biden
2020-08-02 17:16:43,1289973416859062274,"If you want to help, then offer real, genuine and authentic help that gets us all somewhere beyond the status quo a‚Ä¶ https://t.co/rCAXjX8uSW",140,Biden
2020-08-02 17:14:14,1289972792402690054,"RT @JeriSamantha: #GSU2020 swag has arrived!üòç Can‚Äôt to learn more about DEI, best practices &amp; see my friends from across the countryü§ó(virtu‚Ä¶",144,Trump
2020-08-02 17:12:46,1289972422175850497,"@latimes @realDonaldTrump has committed many crimes with substantial evidence, but still has the potential to be re‚Ä¶ https://t.co/qnMIUcdWZV",140,Biden
2020-08-02 17:11:56,1289972211651158017,More Frightening Than #COVID19: Stolen #2020Election Through Mail In Votes  #VoterIDNow #American‚Ä¶ https://t.co/w03e0K0CTe,122,Biden
2020-08-02 17:10:24,1289971824327929856,".@amjoyshow thanks for having these Congressional candidates on your show! I think @PamKeithFL  #FL18 is great. 

E‚Ä¶ https://t.co/KCskelx5fb",140,Trump
2020-08-02 17:09:39,1289971638197293057,"@realTinaForte @JoeBiden He can smell it, but cant remember who?
Go back to sleep @JoeBiden 
We are NOT interested‚Ä¶ https://t.co/kkktneTD6n",139,Trump
2020-08-02 17:08:21,1289971309586219009,@JoeBiden @DNC aren‚Äôt announcing pick for #VicePresident. They‚Äôre announcing pick FOR #President. #MAGA2020‚Ä¶ https://t.co/jolhm3eWB0,132,Trump
2020-08-02 17:08:16,1289971290808315904,Gonna call it now. Joe Biden in a surprise move chooses a rapping Sarah Palin in a cartoon bear suit as his VP cand‚Ä¶ https://t.co/N9NrAg89Ey,140,Trump
2020-08-02 17:05:27,1289970581492834304,@realDonaldTrump This is your message While 1500 people dying a day. You signed all kinds of stupid executive order‚Ä¶ https://t.co/dwWtJcGS9J,140,Biden
2020-08-02 17:04:11,1289970259902881792,"#RNC
#2020Election 
#AmericaOrTrump 

If conservative is such a great idea, why is it so difficult to attract quali‚Ä¶ https://t.co/e5m22SOWcA",140,Biden
2020-08-02 17:03:17,1289970036010921986,#NCSen #2020Election https://t.co/2EUCZSk8kc,44,Biden
2020-08-02 17:00:54,1289969435097235458,"This site should be required viewing for anybody considering voting for #Trump No media filter, just honest Republi‚Ä¶ https://t.co/lVraUJP2nn",140,Trump
2020-08-02 17:00:15,1289969271901020160,The 2020 US election is 93 days to go! If you are voting by mail fill out your ballot with your children and explai‚Ä¶ https://t.co/zONJOqN0vs,140,Biden
2020-08-02 17:00:15,1289969269875195904,"#MichiganResidents:

You can preview their ballots BEFORE Tuesday's primary election? Don't be uninformed! Go here‚Ä¶ https://t.co/pevJJOBBVp",139,Biden
2020-08-02 16:59:59,1289969204049793025,"realDonaldTrump gained 17,838 Twitter followers in the last 6 hours, for a 0.0211% increase, with a current count o‚Ä¶ https://t.co/y6ISuNyZAf",140,Trump
2020-08-02 16:59:59,1289969203634552833,"JoeBiden gained 16,037 Twitter followers in the last 6 hours, for a 0.2103% increase, with a current count of 7,624‚Ä¶ https://t.co/zJYURZHE1r",140,Trump
2020-08-02 16:57:15,1289968517106696192,John Roberts is the most bad ass and least talked about Supreme Court Justice. He is a Republican and has gone agai‚Ä¶ https://t.co/YvWw7HLsg7,140,Biden
2020-08-02 16:56:30,1289968327767388162,"If you claim to want change, don't allow this to happen again. Get registered and use your vote as your voice.‚Ä¶ https://t.co/32vqb9uSCP",135,Biden
2020-08-02 16:55:13,1289968004780810240,"Sooooo less than a hundred days before the election.

How are the coal miners doing? 

Is middle America rolling in‚Ä¶ https://t.co/nPPgFMMMxN",140,Trump
2020-08-02 16:54:11,1289967743312080902,@CAgovernor can we get online information on how and where we can vote in time to ensure our ballots arrive and are‚Ä¶ https://t.co/1oTjjxL6vs,140,Biden
2020-08-02 16:53:51,1289967659732197376,"Vote early, send it early or better yet - use a ballot dropbox. #VoteByMail #2020Election #VoteBlue2020 https://t.co/BcdW8XCrvO",127,Biden
2020-08-02 16:51:54,1289967168545632258,"If you can riot 59 days in a row, you can vote in person. #AmericaOrTrump #2020Election @realDonaldTrump",104,Biden
2020-08-02 16:48:47,1289966386144374785,"@thehill Put their Mugs up so everybody know who these idiots are! Shaming, fines and expulsion are effective tools‚Ä¶ https://t.co/4JA0C2a31D",140,Biden
2020-08-02 16:48:12,1289966238978826240,"RT @socal_american: I am voting for @JoeBiden in November. Raise your hand if you are too.

If you are not, please unfollow me.
#2020Electi‚Ä¶",140,Biden
2020-08-03 01:59:44,1290105038908428288,WH signing for #GAOA expected  Tuesday. Ironic that @realDonaldTrump gets to sign it but #2020Election is looming.‚Ä¶ https://t.co/mVwGeYpvfJ,139,Biden
2020-08-03 01:58:19,1290104679892836358,RT @SCVIndy: Trump revoked #pollution rules allowing #coal companies to dump waste into waterways your kids drink from ( https://t.co/ohsB9‚Ä¶,140,Biden
2020-08-03 01:55:32,1290103979242745856,"I‚Äôm telling y‚Äôall, they hate to hear it. They try to silence the truth and uphold bigotry. I believe in God, he is‚Ä¶ https://t.co/eFkdEnTUMO",139,Trump
2020-08-03 01:53:47,1290103538769465344,It is a shame that this pandemic will dominate the voters minds this fall.  It WILL  die down or have a vaccine but‚Ä¶ https://t.co/hfxGorNPje,140,Trump
2020-08-03 01:53:46,1290103535896420353,RT @almaforarizona: Just got off the phone with a voter who accidentally put her ballot in the wrong envelope and never received a replacem‚Ä¶,140,Biden
2020-08-03 01:52:56,1290103326395097088,Just got off the phone with a voter who accidentally put her ballot in the wrong envelope and never received a repl‚Ä¶ https://t.co/pUk3QZk68g,140,Biden
2020-08-03 01:51:26,1290102947779682304,"RT @orko_manna: VOTING RIGHTS BILL: Nevada lawmakers passed a bill that expands mail-in voting, increases in-person polling locations &amp; all‚Ä¶",144,Biden
2020-08-03 01:51:21,1290102925889425409,RT @TimArvier9: The Trump Canpaign is selling signed books by Fox anchor Sean Hannity to raise funds @9NewsAUS #2020Election https://t.co/z‚Ä¶,140,Trump
2020-08-03 01:51:18,1290102915311362048,RT @JohnFea1: Jerry Falwell Jr. supports Trump's decision to delay the election https://t.co/tDK4U9xhBc #2020election #courtevangelicals,136,Trump
2020-08-03 01:51:08,1290102874551156736,"VOTING RIGHTS BILL: Nevada lawmakers passed a bill that expands mail-in voting, increases in-person polling locatio‚Ä¶ https://t.co/3yI8ymMHb5",140,Biden
2020-08-03 01:50:41,1290102760050798592,"Ffs
Vote these yahoos out of office #2020election
 https://t.co/vhncRTTC1f",74,Biden
2020-08-03 01:49:49,1290102542454493184,"I just found out my grandpa, a lifetime Republican is voting Democrat this fall...

This would‚Äôve never happened if‚Ä¶ https://t.co/uXuTpIOjqL",140,Trump
2020-08-03 01:48:26,1290102193517768704,"Every week, I update the #ElectoralCollege counts based on the top rated state polls tracked at @FiveThirtyEight
 f‚Ä¶ https://t.co/oIAAc7pUKP",140,Trump
2020-08-03 01:47:33,1290101972280807424,VOTER FRAUD DOES NOT EXIST! Pass it on. üôÉ #VoterFraud #MAGA2020 #2020Election #DumpTrump2020 #MailInVoting #ballot‚Ä¶ https://t.co/ou2CqMVGNr,139,Biden
2020-08-03 01:43:46,1290101019171414016,Incompetent #trump exists by denying reality. It won't work. #election2020 #2020election #coronavirus #trumpmustgo‚Ä¶ https://t.co/EkWObwo54P,139,Biden
2020-08-03 01:43:03,1290100837801316353,RT @DanSmit21326682: @John_F_Kennnedy @AnnaApp91838450 Using the Bible in an unholy way. Burning crosses. Where have I heard that before. M‚Ä¶,140,Trump
2020-08-03 01:42:53,1290100797687189504,"RT @sheppadl: This is by far the most powerful video I‚Äôve seen yet.  We all, every democrat, every independent, every resister need to stan‚Ä¶",140,Trump
2020-08-03 01:41:33,1290100459668037632,@John_F_Kennnedy @AnnaApp91838450 Using the Bible in an unholy way. Burning crosses. Where have I heard that before‚Ä¶ https://t.co/lEz55uQlDu,140,Trump
2020-08-03 01:39:46,1290100010965585920,RT @thisisntarcy: ü§£ NAILED IT! #TrumpVirus #DumpTrump #trump #EnemyOfThePeople #AmericaOrTrump #2020Election,108,Biden
2020-08-03 01:38:43,1290099749131935746,Special interests groups/ Lobbyists will be the death of democracy in the United States. Our sitting President reek‚Ä¶ https://t.co/3YqO3AOxas,140,Biden
2020-08-03 01:38:09,1290099606617862144,ü§£ NAILED IT! #TrumpVirus #DumpTrump #trump #EnemyOfThePeople #AmericaOrTrump #2020Election https://t.co/HwZsdLJ5Io,114,Biden
2020-08-03 01:36:28,1290099182850568192,Jerry Falwell Jr. supports Trump's decision to delay the election https://t.co/tDK4U9xhBc #2020election #courtevangelicals,122,Trump
2020-08-03 01:35:24,1290098911747510272,RT @iammuaadh: Will not be voting for any candidate who sent text messages to my phone as their political campaign. #2020Election,129,Biden
2020-08-03 01:34:01,1290098566761836545,RT @TheFluff2: @Laurie_Garrett @Marmel @CDCgov @HHSGov @washingtonpost @fema Won‚Äôt be surprised if 1 day it‚Äôs revealed  Trump &amp; his Republi‚Ä¶,144,Biden
2020-08-03 01:32:11,1290098106021765128,@Laurie_Garrett @Marmel @CDCgov @HHSGov @washingtonpost @fema Won‚Äôt be surprised if 1 day it‚Äôs revealed  Trump &amp; hi‚Ä¶ https://t.co/1plM1hXEOZ,144,Biden
2020-08-03 01:28:59,1290097297024573442,This 100%. We MUST prepare for this outcome now. This will not be a traditional ‚Äúelection night‚Äù. Election week or‚Ä¶ https://t.co/bCQj4BX99o,139,Biden
2020-08-03 01:27:49,1290097007000866817,"RT @nanLeMay: Illustrated by the great Brad Holland, and dating (I‚Äôm fairly sure) from the Nixon re-election campaign. The message on this‚Ä¶",139,Biden
2020-08-03 01:23:11,1290095838807678976,RT @poeboston: #ShirleyChisholm blazed the way for every Black woman @JoeBiden is considering for VP https://t.co/Tt6E1n8ek1 via @wp &gt; #nyc‚Ä¶,143,Trump
2020-08-03 01:22:02,1290095547580182528,"Illustrated by the great Brad Holland, and dating (I‚Äôm fairly sure) from the Nixon re-election campaign. The messag‚Ä¶ https://t.co/sasBwiJGJt",140,Biden
2020-08-03 01:18:09,1290094571515338752,"RT @myhjk1227: #ÎπÖÌÜ§(ÏµúÎ≥ëÏ∞¨)             üé∂#May day

#2020Election Î∏åÎûúÎìúÎåÄÏÉÅ Ìà¨Ìëú
Ïò¨Ìï¥Ïùò Ìä∏Î°úÌä∏Í∞ÄÏàò(Ïó¨Ïûê) ‚ú®ÏÜ°Í∞ÄÏù∏ ‚ú®
https://t.co/zVR2BfLtL9

ÏÜåÎ∞î Ïñ¥ÏõåÏ¶à Ìà¨Ìëú¬†‚ú®ÏÜ°Í∞ÄÏù∏‚ú®
https:/‚Ä¶",140,Biden
2020-08-03 01:17:15,1290094346616934400,"RT @RonaldHolmes3rd: ‚ÄúJoseph R. Biden: The candidate Dems didn‚Äôt want but who the country needs‚Äù

https://t.co/lElIJU1tC7

#2020Election #J‚Ä¶",140,Biden
2020-08-03 01:17:00,1290094284268437506,"‚ÄúJoseph R. Biden: The candidate Dems didn‚Äôt want but who the country needs‚Äù

https://t.co/lElIJU1tC7

#2020Election #JoeBiden",125,Biden
2020-08-03 01:15:44,1290093965849419780,"This is by far the most powerful video I‚Äôve seen yet.  We all, every democrat, every independent, every resister ne‚Ä¶ https://t.co/loAGRVw3nA",140,Biden
2020-08-03 01:14:02,1290093537392865281,"Election weeks, not night. Accept realistic expectations for #2020Election results. 
#VoteByMail2020 
#EarlyVoting‚Ä¶ https://t.co/maDQGuLRPT",139,Trump
2020-08-03 01:13:04,1290093292646875137,"#Breaking: ‚ÄúWe‚Äôre going to hold an election on November 3 and the president is going to win,‚Äù White House Chief of‚Ä¶ https://t.co/ZhdyP1L02t",139,Trump
2020-08-03 01:11:39,1290092936244338690,"RT @PolitiZoom: Trump almost seems to be trying to lose tha damn election at this poiunt, so he can rebel afterwards.
#2020Election  #const‚Ä¶",140,Biden
2020-08-03 01:09:54,1290092495846612995,The battle for Biden's V.P. continues as the announcement is set to come the week before the Democratic convention‚Ä¶ https://t.co/0K3rITnMhH,139,Trump
2020-08-03 01:09:50,1290092478201073664,"Joe Biden is The People's Hope 
#2020Election #VoteBlueToEndThisNightmare 
#VoteForHumanity 
#GOPComplicitTraitors",114,Biden
2020-08-03 01:05:48,1290091463657758720,"taking advantage of the lack of an ethical code in #gaming spaces of @twitch 

we need new legislation to monitor a‚Ä¶ https://t.co/HSKzrFZuVw",140,Biden
2020-08-03 00:54:50,1290088705483354113,Wouldn‚Äôt the Republicans be hurt just as much as the Democrats if Trump slowed down the mail?#Decision2020‚Ä¶ https://t.co/xmXYeDIYfq,131,Trump
2020-08-03 00:51:34,1290087884163133440,"#ÎπÖÌÜ§(ÏµúÎ≥ëÏ∞¨)             üé∂#May day

#2020Election Î∏åÎûúÎìúÎåÄÏÉÅ Ìà¨Ìëú
Ïò¨Ìï¥Ïùò Ìä∏Î°úÌä∏Í∞ÄÏàò(Ïó¨Ïûê) ‚ú®ÏÜ°Í∞ÄÏù∏ ‚ú®
https://t.co/zVR2BfLtL9

ÏÜåÎ∞î Ïñ¥ÏõåÏ¶à Ìà¨Ìëú¬†‚ú®ÏÜ°Í∞ÄÏù∏‚Ä¶ https://t.co/4VryzKEvKU",140,Biden
2020-08-03 00:50:07,1290087515634798592,RT @oigetit_com: #Breaking - Kanye West has continued his road to presidency and has now made efforts to get on the ballot in Ohio - a key‚Ä¶,139,Biden
2020-08-03 00:49:39,1290087401084219392,#biden2020 #joebiden #dnc #2020VISION #2020Election https://t.co/KPTvlzfayq,75,Biden
2020-08-03 00:48:40,1290087152848576513,RT @2020_polling: Which Candidate are you voting for in the 2020 Presidential Election? Top 4 #2020poll #2020Election #2020poll #Election #‚Ä¶,140,Biden
2020-08-03 00:47:14,1290086790435467265,things are happening quick! I'm not sure Biden will actually make it to September! VP is still not announced. Dems‚Ä¶ https://t.co/DnVNI9B5Or,139,Trump
2020-08-03 00:42:24,1290085576268341251,@Hogwild37 here‚Äôs an idea of what #Trump would have to do to ever win #California #biden2020 #democrats #liberals‚Ä¶ https://t.co/CDur7DxAJF,138,Trump
2020-08-03 00:39:56,1290084956815781889,#Breaking - Kanye West has continued his road to presidency and has now made efforts to get on the ballot in Ohio -‚Ä¶ https://t.co/81jrhD0UjF,140,Biden
2020-08-03 00:37:22,1290084308259020800,"This November, Vote + Write-in #MarkCharles2020 @wirelesshogan 

üëâüèæ#AllThePeopleüëàüèæ 

#MarkCharlesForPresident #MC20‚Ä¶ https://t.co/N32N7fHT3I",140,Biden
2020-08-03 00:36:38,1290084125185998848,"Category: #Ransomware
#2020Election

https://t.co/tg0W9VH6pB",60,Biden
2020-08-03 00:34:45,1290083649971396609,".@FoxNewsSunday Will .@realDonaldTrump not accept foreign assistance in #2020Election? .@JasonMillerinDC Chris, tha‚Ä¶ https://t.co/JySXtqDO5U",140,Trump
2020-08-03 00:29:48,1290082406142054400,The COVID-19 vaccine will be delayed as the population control microchip that makes people gay isn‚Äôt ready yet.‚Ä¶ https://t.co/SJkKkTVdgY,136,Biden
2020-08-03 00:28:09,1290081988695568384,"RT @GlutenFree_zy: 2020 is the 100th anniversary of (White) Women getting the vote on August 18th, 1920.

In 1965, after years of fighting‚Ä¶",139,Trump
2020-08-03 00:27:18,1290081773825617920,I‚Äôm gonna make an educated guess and say #Trump‚Äôs got this. #Biden HAS the support of the media and celebrities too‚Ä¶ https://t.co/imcFTol1o8,140,Trump
2020-08-03 00:25:20,1290081280478949376,"RT @The420Humor: Is it possible to have a US President who advocates for cannabis?

We take a look at presidential candidate @bengleib and‚Ä¶",139,Trump
2020-08-03 00:24:58,1290081186572726272,Just your average Trump supporter out for a stroll. ‚ÄúDeplorables‚Äù was generous. #MAGA #Trump #Trump2020 #GOP‚Ä¶ https://t.co/N8KI7nnYbo,133,Trump
2020-08-03 00:22:47,1290080640105246722,"Dare I say it: the sleeper race of the cycle?

https://t.co/2i4O9SgAwI

#2020Election #Senate #PoliticsNation #Kansas",117,Biden
2020-08-03 00:20:19,1290080017720815616,The Trump Canpaign is selling signed books by Fox anchor Sean Hannity to raise funds @9NewsAUS #2020Election https://t.co/zB0oaqMVXG,132,Trump
2020-08-03 00:17:12,1290079232039596036,"RT @EricaDoering: The most difficult thing about filling out our ballots this year will be resisting the urge to underline, draw arrows, ad‚Ä¶",140,Biden
2020-08-03 00:14:51,1290078642769260545,What Is #ClimateJustice? #ClimateChangeImpacts #CommunitiesofColor #IndigenousPeople #PoorPeople #DisabledPeople‚Ä¶ https://t.co/7JMJl2N0Yc,137,Trump
2020-08-03 00:11:34,1290077815858028546,Then release it already don't play golf while half of the country dies #TrumpIsLosing #TrumpGolfsAmericansDie‚Ä¶ https://t.co/Lj25d4lbZI,134,Biden
2020-08-03 00:10:32,1290077554544644097,"RT @SADT_Team: When choice B is not an option by design, deciding on choice A is predictable.

Pssst... Are you really awake? Because hinds‚Ä¶",140,Biden
2020-08-03 00:10:28,1290077540644610048,The lack of urgency on this is staggering. It‚Äôs holding our economy back and threatening our democracy in November.‚Ä¶ https://t.co/pbQaAWmhwK,140,Biden
2020-08-03 00:03:10,1290075703417819136,"The most difficult thing about filling out our ballots this year will be resisting the urge to underline, draw arro‚Ä¶ https://t.co/l1wKkjSmRb",140,Biden
2020-08-03 00:02:22,1290075498819682312,How do folks ever think a third party candidate for President is the answer to all our ills.  Work has to be done.‚Ä¶ https://t.co/cvQCCrs3Vx,139,Biden
2020-08-03 03:59:48,1290135254255075328,"The MSM is asking, will DJT accept the results of 2020 November elections?  
Why didn‚Äôt the left, Hillary and that‚Ä¶ https://t.co/wsdvF8RST3",139,Trump
2020-08-03 03:57:26,1290134656319291392,"RT @SturmDaniel: Joe #Biden sucht eine Frau: 
Sehen wir hier die erste amerikanische Pr√§sidentin? #harris #warren #duckworth #bottoms #Susa‚Ä¶",140,Trump
2020-08-03 03:55:36,1290134197739368448,"RT @DiabeticCyborgg: Trump Now Calls Voting By Carrier Pigeon, ‚ÄòThe Only Safe Way To Prevent A Rigged Election‚Äô by @AllanIshacNYC https://t‚Ä¶",140,Biden
2020-08-03 03:54:44,1290133976384856066,RT @OttoDron: things are happening quick! I'm not sure Biden will actually make it to September! VP is still not announced. Dems are scramb‚Ä¶,140,Trump
2020-08-03 03:54:37,1290133946961768455,"URGENT:  The PostMaster General, an unqualified Trump donor who has orders to sabatoge the election, has the power‚Ä¶ https://t.co/zezY3vX83A",139,Biden
2020-08-03 03:52:48,1290133489749127169,How the news media could get the #2020Election story wrong  https://t.co/szN4DWKkv3,83,Trump
2020-08-03 03:52:00,1290133291589238784,RT @ronmbaker: Just going to leave this right here. #idpol #voting #2020election #mailinvoting #vote #usps #Election2020 https://t.co/a0g7Y‚Ä¶,140,Biden
2020-08-03 03:48:44,1290132467697909761,"RT @derrickconnell: I am very excited for a female VP (time for a female president). I‚Äôve looked at each and WOW. What experience, capabili‚Ä¶",140,Biden
2020-08-03 03:48:16,1290132351209504776,"Joe #Biden sucht eine Frau: 
Sehen wir hier die erste amerikanische Pr√§sidentin? #harris #warren #duckworth‚Ä¶ https://t.co/fiJXTu6FTd",132,Trump
2020-08-03 03:47:36,1290132181273255936,"#2020Election for President will be decided by the winner of Pennsylvania. (70%)

Smaller chance Michigan plays the‚Ä¶ https://t.co/9rKzNlY9Na",140,Trump
2020-08-03 03:39:24,1290130117323186177,@MrsQuinn775 @TheJustinMcVay @sandraPRcolon @FOX5Vegas My thoughts exactly. Some people are too stupid to know the‚Ä¶ https://t.co/IRqSTB5kxU,139,Trump
2020-08-03 03:33:33,1290128648746532864,"Wonder why we don't hear much about this.  

https://t.co/DzcQxbRrzo 

#ufo #NewAppsToReplaceTikTok #Covid_19 #Protests #2020Election",133,Trump
2020-08-03 03:33:06,1290128533453340674,"RT @tardigradeBruno: @DRstweets This primary and its corruption within, to keep Bernie from being the nominee will go down in history with‚Ä¶",139,Trump
2020-08-03 03:29:18,1290127576883593218,"How the meeting between @JoeBiden and @BernieSanders went before they decided on their ""agreement"".
#biden #sanders‚Ä¶ https://t.co/7WeqOvK3Pu",140,Trump
2020-08-03 03:28:08,1290127281906520067,"Primary Election Day is Tuesday, August 4.  COVID-19 safety measures are in place at all voting sites. Find a Vote‚Ä¶ https://t.co/NJSXFTOd9j",139,Biden
2020-08-03 03:27:54,1290127223316312064,#2020Election https://t.co/HNQBm1ol2h,37,Biden
2020-08-03 03:26:29,1290126867979108353,"RT @kk131066: ‚¨ÜÔ∏è

#MitchMcConnell &amp; others disagreed with #Trump for 1 reason

- paint a pic = #GOPComplicitTraitors are not controlled by‚Ä¶",143,Biden
2020-08-03 03:22:32,1290125873903894530,RT @ShaliniPammal: Reason 7+8 since I forgot to post yesterday: Honoring ongoing movements for justice &amp; liberation require that we have a‚Ä¶,143,Biden
2020-08-03 03:21:27,1290125602997952517,"RT @kimrae2020: @NYinLA2121 @gabnakkulablake Hillary won all three debates and look where it got her. 

Two year election cycle for a four‚Ä¶",139,Trump
2020-08-03 03:19:21,1290125074113077253,In the 1860s the Republicans freed the slaves and in 2020 are Pro-Life.  In the 1860s Democrats were pro-slavery an‚Ä¶ https://t.co/rdxBrl0CZy,140,Trump
2020-08-03 03:16:19,1290124309793390592,"So what did Bigdata tell us about the #USelection process?
https://t.co/Q5BdZoTTDD",82,Trump
2020-08-03 03:15:18,1290124054200893440,Reason 7+8 since I forgot to post yesterday: Honoring ongoing movements for justice &amp; liberation require that we ha‚Ä¶ https://t.co/4b4hs5EzLV,144,Biden
2020-08-03 03:13:20,1290123559885447168,"I am very excited for a female VP (time for a female president). I‚Äôve looked at each and WOW. What experience, capa‚Ä¶ https://t.co/iGAPWtLQkl",140,Biden
2020-08-03 03:12:52,1290123440263794690,"@ThePubliusUSA DT's answer, maybe, that this Wall will keep him in the @WhiteHouse when he loses the #2020Election. Won't work.",127,Biden
2020-08-03 03:09:26,1290122575742251009,‚≠êÔ∏èStill waiting for a plan and basically for you to be a leader @realDonaldTrump  #2020Election‚Ä¶ https://t.co/W7vOlTDATX,120,Trump
2020-08-03 03:02:36,1290120860049711106,#Hydroxychloroquine #coronavirus #2020Election #JoeBiden #Trump2020Landslide #JoeBidenForPresident2020 #TigerKing‚Ä¶ https://t.co/9KuQXqX8BO,138,Trump
2020-08-03 03:00:53,1290120426312458241,"RT @plural_vote: NEW: July 31st #2020Election Senate model update:

Win probability:
üîπ Democrats: 60.4%
üî∏ Republicans: 32.3%
‚ñ™Ô∏è Tie: 7.2%‚Ä¶",138,Biden
2020-08-03 03:00:33,1290120341990158339,"#2020Election #2020Senate #2020House #PoliticalAnalysis

(2/2)

...high-profile races on both sides. 

https://t.co/JBF1e1i1wN",126,Biden
2020-08-03 03:00:33,1290120341126184965,"#2020Election #2020Senate #2020House #PoliticalAnalysis

(1/2)

In tonight's edition of The Parmeter Politics and P‚Ä¶ https://t.co/W2NJT7RtR6",140,Biden
2020-08-03 02:58:26,1290119810357923840,#2020Election https://t.co/VShepEbuKt,37,Biden
2020-08-03 02:58:08,1290119735170875392,"RT @Speakth76341339: If it‚Äôs SAFE to mail tax refunds, social security checks. Stimulus checks, passports, the actual ID you‚Äôd USE to VOTE‚Ä¶",139,Biden
2020-08-03 02:55:04,1290118960130686976,"Too bad elections were not held today... üôÉ

üá∫üá∏üß¢üí™üèº
@realDonaldTrump @JoeBiden #2020Election https://t.co/zIXp2Fllgq",114,Biden
2020-08-03 02:53:39,1290118604692758528,"-Victoria #Australia has closed schools because of recent ‚Äòspike‚Äô to 519 new cases per mil. pop. 
in past week!

-U‚Ä¶ https://t.co/6PD31dhFz9",140,Trump
2020-08-03 02:53:02,1290118449012719616,"@nytimes @NBCNightlyNews Just reaching out, to my reliable news sources, in hopes this will become a topic of conve‚Ä¶ https://t.co/lQB87rU21x",140,Trump
2020-08-03 02:50:33,1290117825332297728,"RT @CeciliaCmaida: WHEN YOU RECEIVE YOUR BALLOT, COMPLETE ASAP &amp; DROP IN DROP BOX @ELECTION'S OFFICE! 
TRUMP'S GOT RNC GUY AA US POSTMASTER‚Ä¶",144,Biden
2020-08-03 02:48:50,1290117393490927616,Let‚Äôs not forget that the right and the left wing both belong to the same bird... #JoJorgensen2020 #libertarian‚Ä¶ https://t.co/kxlJm7k6oh,136,Trump
2020-08-03 02:46:55,1290116912957911040,#trump #SpaceX #2020Election #2020facts #TruthMatters #Covid_19 #Qatriot https://t.co/LIWxFix8mo,96,Trump
2020-08-03 02:44:35,1290116325453361154,"‚¨ÜÔ∏è

#MitchMcConnell &amp; others disagreed with #Trump for 1 reason

- paint a pic = #GOPComplicitTraitors are not cont‚Ä¶ https://t.co/ImjSDNNVKq",144,Biden
2020-08-03 02:38:07,1290114697925201920,"RT @KianY7609: Mail-in voting is 100% fine if it's used to vote for @realDonaldTrump .

#VoterFraud #BlueWave2020 #2020Election #Biden2020‚Ä¶",139,Biden
2020-08-03 02:34:23,1290113756282855425,@YorkieDogMom True that! Just made sure I‚Äôm registered and voting Replubican for the time in my life and after 15 y‚Ä¶ https://t.co/bQB5ErrIip,140,Biden
2020-08-03 02:34:14,1290113720694132737,Dream big! #BigDreamsTvShow #dream #2020Election #TrumpThreatensAmerica https://t.co/KcIF1fXVEG,95,Trump
2020-08-03 02:33:04,1290113425209790466,@realDonaldTrump And there was a Trump flag waving. Love it #2020Election,73,Trump
2020-08-03 02:32:57,1290113394691907584,"Mail-in voting is 100% fine if it's used to vote for @realDonaldTrump .

#VoterFraud #BlueWave2020 #2020Election‚Ä¶ https://t.co/JsUgtMP8R5",137,Biden
2020-08-03 02:30:43,1290112834479808513,He does know he didn‚Äôt run against Obama last term right...?? #GenZ #VoteHimOut #2020Election https://t.co/a1VY5W7sWT,117,Biden
2020-08-03 02:29:54,1290112627469774848,Let‚Äôs acknowledge the best thing about COVID is it happened during an election year. No campaigning! It‚Äôs been glor‚Ä¶ https://t.co/ku1EX6rBL3,140,Biden
2020-08-03 02:28:41,1290112321088401409,Black Lives Matter co-creator: Biden must choose a Black woman for VP https://t.co/TpyC1y6vnU #2020Election,107,Trump
2020-08-03 02:25:04,1290111411717148672,"I verified my ballot! 
I VOTED AND IT COUNTS!!!

#2020Election #BlueWave2020 #GunSenseCandidates
@MomsDemand #azleg https://t.co/p9kfZ9mwF9",139,Biden
2020-08-03 02:22:32,1290110776296878080,"RT @CTGOPChair: @CTDems So if you're African American and support @realDonaldTrump according @JoeBiden ""you ain't black""? Old rich democrat‚Ä¶",140,Trump
2020-08-03 02:04:01,1290106116186103808,#AmericaOrTrump #2020Election #DCProtests #BlueWave2020 https://t.co/xPzkBTbgIU,79,Biden
2020-08-03 02:03:24,1290105958899712002,US election: Trump's faith outreach aims to cast Democrats as the enemy. @SightMagazine #USelection‚Ä¶ https://t.co/QUdO7CJIVH,124,Trump
2020-08-03 02:02:06,1290105631261601792,"A must see!
@realDonaldTrump
Just like #MAGA
#POTUS getting
Eviction Notice

#Trump2020 #TrumpSupporters‚Ä¶ https://t.co/wPpWAeDAA0",129,Trump
2020-08-03 05:54:04,1290164007660216321,"RT @orko_manna: COMING UP: Nevada lawmakers passed a voting rights bill that expands mail-in voting &amp; allows ""ballot harvesting."" Democrats‚Ä¶",144,Biden
2020-08-03 05:51:47,1290163434303057920,#TrumpHasNoPlan #TrumpHasNoCredibilty #TrumpIsLosing #2020Election #COVIDIOT https://t.co/NEAd9j6eii,100,Biden
2020-08-03 05:49:26,1290162843229122561,#Biden2020 #Biden #DNC #BillClintonIsAPedo #COVID19 #JoeBiden #SAVETHECHILDERN #pedowoodexposed #AmericaOrTrump‚Ä¶ https://t.co/vwujwGqr8d,136,Biden
2020-08-03 05:43:42,1290161401902710786,"RT @tvongruenigen: Gesehen in New Hampshire
#2020Election 
#USElection2020 https://t.co/0tRiVSoZwt",98,Biden
2020-08-03 05:40:02,1290160478660866048,Kanye West‚Äôs Petition To Appear On NJ Presidential Ballot Reportedly Has 600 Signatures That Are Incomplete Or Has‚Ä¶ https://t.co/VeJrOMR2iK,139,Biden
2020-08-03 05:35:33,1290159350573494272,"Gesehen in New Hampshire
#2020Election 
#USElection2020 https://t.co/0tRiVSoZwt",79,Biden
2020-08-03 05:29:54,1290157927697747969,"RT @WayneForLiberty: Americans need to know their options! If ‚Äúthis is the most important election of our lives‚Äù, then we need to consider‚Ä¶",139,Biden
2020-08-03 05:28:46,1290157642846023681,"RT @USSC: ""Many Republicans have commended [Ms Bass] for her ability to listen and be a fair negotiator."" Read Non-resident fellow Kim Hogg‚Ä¶",140,Biden
2020-08-03 05:26:14,1290157006498611200,"Americans need to know their options! If ‚Äúthis is the most important election of our lives‚Äù, then we need to consid‚Ä¶ https://t.co/dsFDcsTZjB",140,Biden
2020-08-03 05:21:36,1290155836770095104,"COMING UP: Nevada lawmakers passed a voting rights bill that expands mail-in voting &amp; allows ""ballot harvesting."" D‚Ä¶ https://t.co/YGrfNjcmgF",144,Biden
2020-08-03 05:15:32,1290154311704485889,90ish days to the #2020election https://t.co/PUML2uKNHy,55,Biden
2020-08-03 05:10:25,1290153022828343298,"I‚Äôm sorry, what now? üòÇ
#MAGA2020
#TrumpIsNotWell 
#TrumpsGestapo 
#2020Election https://t.co/OzjbgCHdX8",103,Trump
2020-08-03 05:09:54,1290152893631340545,Thank You Town Square TV for the IGH Mayor &amp; City Council Forum...If you have not voted yet remember to VOTE in the‚Ä¶ https://t.co/SUOF1Gj1Pb,144,Trump
2020-08-03 05:08:43,1290152596615774209,"He has the handcuffs, likely. What he locks himself to in the Oval Office come January is still up in the air. But‚Ä¶ https://t.co/9KTYA9FwnP",139,Trump
2020-08-03 05:01:50,1290150864477290497,"#Trump2020 #2020Election whether you believe me or not Donald Trump is going to win another term, nobody else is go‚Ä¶ https://t.co/SIFptyXMr9",140,Trump
2020-08-03 05:01:22,1290150745266774017,"Our best days are yet to come.
Can‚Äôt wait to vote for my second favorite president in November.
(Rutherford B Hayes‚Ä¶ https://t.co/IoXB6fHkJb",140,Trump
2020-08-03 05:01:01,1290150660369838080,"RT @CeciliaCmaida: Rep Tom McClintock of CA-04 is backing Trump/Barr  conspiracies hoping to throw the election! 
#McClintockMustGo
#Corrup‚Ä¶",140,Trump
2020-08-03 04:59:59,1290150400457236480,"realDonaldTrump gained 3,233 Twitter followers in the last 6 hours, for a 0.0038% increase, with a current count of‚Ä¶ https://t.co/GDW5zspBEb",140,Trump
2020-08-03 04:59:59,1290150400100691968,"JoeBiden gained 6,608 Twitter followers in the last 6 hours, for a 0.0864% increase, with a current count of 7,645,‚Ä¶ https://t.co/m3A9Luw0ek",140,Trump
2020-08-03 04:51:38,1290148296300695554,#JimJordan #ohio #2020Election  please consider this when voting for your congressman/congresswoman this year. Is t‚Ä¶ https://t.co/veGSlaIQpy,140,Biden
2020-08-03 04:44:32,1290146511511269377,"@realJohnBriscoe @realDonaldTrump This is terrifying, we can‚Äôt let the Libs win or the last 4 years would‚Äôve been a‚Ä¶ https://t.co/HktLHsDvZn",140,Trump
2020-08-03 04:43:06,1290146151375572994,"#USelection: #Republicans dampen reports of convention #mediaban - TV9
https://t.co/03lRfG3fZo",94,Biden
2020-08-03 04:39:42,1290145294097608704,RT @msk3000tb: If Sleepy Joe wins the election will we see another 5% drop in the stock market? Here is a chart of S&amp;P after a president wa‚Ä¶,144,Biden
2020-08-03 04:38:02,1290144876487614466,"How is @realDonaldTrump pro law and order when he won‚Äôt help states pay for first responders in #CareAct?
Trump wan‚Ä¶ https://t.co/MGVF5jgKjN",140,Trump
2020-08-03 04:36:06,1290144389495508992,2020 doesn't do priorities #Libertarian #Covid_19 #2020Election #TruthMatters #LiberalismIsTheRealPandemic https://t.co/jsISHfeue9,130,Biden
2020-08-03 04:24:51,1290141555399958529,RT @MBraindaddy: Join me on my hunt for the wild Donald in its natural habitat. Please retweet this!#TrumpHasNoPlan #VeryScaryPeople #wilde‚Ä¶,140,Trump
2020-08-03 04:23:26,1290141199605538817,Only 1 of thousands of government spending yet wont extend #unemploymentextension . VOTE THEM ALL OUT ELECTION DAY.‚Ä¶ https://t.co/o8j8Z4obtw,140,Biden
2020-08-03 04:19:04,1290140102249705473,"@RyanAFournier There‚Äôs another poll that says that 64% of conservatives censor their speech on political views, whi‚Ä¶ https://t.co/yQChkQQgoA",140,Trump
2020-08-03 04:17:54,1290139806278721539,"We can see the direction of #MaharashtraGovernment and #MumbaiPolice...
This is not right for country.
Its about th‚Ä¶ https://t.co/YlxPGvjQ3a",140,Biden
2020-08-03 04:11:15,1290138134034833409,Join me on my hunt for the wild Donald in its natural habitat. Please retweet this!#TrumpHasNoPlan #VeryScaryPeople‚Ä¶ https://t.co/p48w6w9cOk,140,Trump
2020-08-03 04:08:04,1290137331572211712,"@mmpadellan Keep our eyes on the #USPS dismantling as a real attempt at # #election tampering
#2020Election #vote",113,Biden
2020-08-03 04:08:01,1290137321501683712,"Conspiracy theories exist in the gaps of expectation &amp; reality.

Here‚Äôs one:
#2020Election‚Äôll be decided on Nov 3rd‚Ä¶ https://t.co/fwlepClR6Y",144,Trump
2020-08-03 04:03:09,1290136095217205248,Watch those that try to instill fear in you?? The ones who try and prey on a fear that may not  even yours... watch‚Ä¶ https://t.co/dxlAjiQCcJ,140,Trump
2020-08-03 04:02:00,1290135806904950784,"@swingleft Biden does not have a functional mind. #DementiaJoe #AmericaForTrump
#2020Election",93,Trump
2020-08-03 04:02:00,1290135805625683968,"""Many Republicans have commended [Ms Bass] for her ability to listen and be a fair negotiator."" Read Non-resident f‚Ä¶ https://t.co/GQvGjBSZ2z",140,Biden
2020-08-03 04:01:57,1290135794993094657,RT @NelsonVision: Turnout! book contributor and political strategist @wilnelia_rivera weighs in on #2020Election voter turnout in the time‚Ä¶,139,Biden
